fold,model,calibration,success,rank_violations,calibrated_ties,spearman_raw_calibrated,intercept,coef,a,b_raw,n_thresholds,theta,alpha,beta_inner,b,nll_fit,aic,bic,lambda_left,lambda_right,selection_logloss,method,lambda1,lambda0,penalty,outer_penalty,status,message,n_iter,objective,gradient_norm,boundary_hit,selected_penalty
1,logistic,raw,True,0,11,0.9999999999999999,,,,,,,,,,,,,,,,,,,,,,,,,,,
1,logistic,platt,True,0,11,0.9999999999999999,-3.467967447734885,0.8198569744786791,,,,,,,,,,,,,,,,,,,,,,,,,
1,logistic,beta,True,0,18,0.9999999999820239,-2.201853230556332,,2.1368644463854647,-0.4133685669413913,,,,,,,,,,,,,,,,,,,,,,,
1,logistic,isotonic,True,0,49913,0.9902812072150544,,,,,62.0,,,,,,,,,,,,,,,,,,,,,,
1,logistic,bgb,True,0,33,0.999999999959944,,,7.464433354702881,,,-0.16060633979117914,0.08170069179240877,0.8579699051661938,0.00011256495130612636,2465.8251659494263,4941.6503318988525,4981.167769661533,,,,,,,,,,,,,,,
1,logistic,opbgb_symmetric,True,0,19,0.9999999999779199,,,,,,,,,,,,,0.5,0.5,0.1352643532925123,,,,,,,,,,,,
1,logistic,opbgb_two_sided_unconstrained,True,0,15,0.9999999999918399,,,,,,,,,,,,,0.2,1.0,0.13429011394686413,,,,,,,,,,,,
1,logistic,opbgb_symmetric_monotone,True,0,19,0.9999999999779199,,,4.400515129736969,,,-0.47346480360566595,,,0.1353352832366127,,,,,,0.1353639436530888,monotone_opbgb_symmetric,0.6733650328541317,0.6733650328541317,0.001,1e-06,0.0,CONVERGENCE: RELATIVE REDUCTION OF F <= FACTR*EPSMCH,28.0,0.130097925577635,1.679222938496554e-05,True,0.001
1,logistic,opbgb_two_sided_monotone,True,0,15,0.9999999999918399,,,6.638669790929575,,,-0.8208258278214575,,,0.1353352832366127,,,,,,0.1345740812801404,monotone_opbgb_two_sided,0.1787093532404894,1.066074406306119,0.0001,1e-06,0.0,CONVERGENCE: RELATIVE REDUCTION OF F <= FACTR*EPSMCH,34.0,0.12912877985141516,0.00026130156444431065,True,0.0001
1,logistic,nested_selected,True,0,15,0.9999999999918399,,,6.638669790929575,,,-0.8208258278214575,,,0.1353352832366127,,,,,,0.1345740812801404,monotone_opbgb_two_sided,0.1787093532404894,1.066074406306119,0.0001,1e-06,0.0,CONVERGENCE: RELATIVE REDUCTION OF F <= FACTR*EPSMCH,34.0,0.12912877985141516,0.00026130156444431065,True,0.0001
1,lightgbm,raw,True,0,453,0.9999999999999999,,,,,,,,,,,,,,,,,,,,,,,,,,,
1,lightgbm,platt,True,0,453,0.9999999999999999,-2.959530595543146,1.30020638154687,,,,,,,,,,,,,,,,,,,,,,,,,
1,lightgbm,beta,True,0,453,0.9999999999999999,-3.1241272476487287,,1.1918254597135811,-1.380103379541083,,,,,,,,,,,,,,,,,,,,,,,
1,lightgbm,isotonic,True,0,49848,0.996648323866607,,,,,86.0,,,,,,,,,,,,,,,,,,,,,,
1,lightgbm,bgb,True,0,453,0.9999999999999999,,,1.2703601373906077,,,-3.1287932577097313,0.9372981637956052,0.9783502470314067,1.4111335187980283,1781.3968115373527,3572.7936230747055,3612.3110608373863,,,,,,,,,,,,,,,
1,lightgbm,opbgb_symmetric,True,0,453,0.9999999999999999,,,,,,,,,,,,,0.35,0.35,0.1057339638874092,,,,,,,,,,,,
1,lightgbm,opbgb_two_sided_unconstrained,True,0,453,0.9999999999999999,,,,,,,,,,,,,0.35,0.25,0.10553838283673413,,,,,,,,,,,,
1,lightgbm,opbgb_symmetric_monotone,True,0,453,0.9999999999999999,,,1.280757198891049,,,-2.620675774543285,,,0.9958865194535342,,,,,,0.10635197216360562,monotone_opbgb_symmetric,1.1031286166877057,1.1031286166877057,0.0,1e-06,0.0,CONVERGENCE: RELATIVE REDUCTION OF F <= FACTR*EPSMCH,13.0,0.09731254229675491,1.0403470539754333e-06,False,0.0
1,lightgbm,opbgb_two_sided_monotone,True,0,453,0.9999999999999999,,,1.2104216438182562,,,-2.5992972361834643,,,1.0786462889577697,,,,,,0.1063666015028888,monotone_opbgb_two_sided,1.1738029147094757,1.0132268485702014,0.0,1e-06,0.0,CONVERGENCE: RELATIVE REDUCTION OF F <= FACTR*EPSMCH,19.0,0.09731155722436292,1.9256376090915403e-06,False,0.0
1,lightgbm,nested_selected,True,0,453,0.9999999999999999,,,1.2104216438182562,,,-2.5992972361834643,,,1.0786462889577697,,,,,,0.1063666015028888,monotone_opbgb_two_sided,1.1738029147094757,1.0132268485702014,0.0,1e-06,0.0,CONVERGENCE: RELATIVE REDUCTION OF F <= FACTR*EPSMCH,19.0,0.09731155722436292,1.9256376090915403e-06,False,0.0
1,xgboost,raw,True,0,472,0.9999999999999999,,,,,,,,,,,,,,,,,,,,,,,,,,,
1,xgboost,platt,True,0,472,0.9999999999999999,0.43624217161792517,1.1364830224170586,,,,,,,,,,,,,,,,,,,,,,,,,
1,xgboost,beta,True,0,472,0.9999999999999999,0.5112229221345577,,1.1571692816558394,-1.0398469961921186,,,,,,,,,,,,,,,,,,,,,,,
1,xgboost,isotonic,True,0,49875,0.9935393929711449,,,,,76.0,,,,,,,,,,,,,,,,,,,,,,
1,xgboost,bgb,True,0,472,0.9999999999999999,,,1.4300136594459738,,,0.555671287877353,0.815582748180315,0.8946728075390646,1.1389757383816765,1728.7764438569982,3467.5528877139964,3507.070325476677,,,,,,,,,,,,,,,
1,xgboost,opbgb_symmetric,True,0,472,0.9999999999999999,,,,,,,,,,,,,0.7,0.7,0.10623067358448347,,,,,,,,,,,,
1,xgboost,opbgb_two_sided_unconstrained,True,0,472,0.9999999999999999,,,,,,,,,,,,,0.5,0.25,0.10573173836043093,,,,,,,,,,,,
1,xgboost,opbgb_symmetric_monotone,True,0,472,0.9999999999999999,,,4.481113373903381,,,-1.4767866932441398,,,7.10763167660166,,,,,,0.10608993404849594,monotone_opbgb_symmetric,0.1916750346814285,0.1916750346814285,0.0,1e-06,0.0,CONVERGENCE: RELATIVE REDUCTION OF F <= FACTR*EPSMCH,15.0,0.09652526848609468,0.001195719076605016,False,0.0
1,xgboost,opbgb_two_sided_monotone,True,0,472,0.9999999999999999,,,6.839623900845647,,,2.45431537681675,,,4.261026875083206,,,,,,0.10615514073416414,monotone_opbgb_two_sided,0.19973590040777195,0.1353352832366127,0.0,1e-06,0.0,CONVERGENCE: RELATIVE REDUCTION OF F <= FACTR*EPSMCH,36.0,0.09593421998711334,0.0016506953835823018,True,0.0
1,xgboost,nested_selected,True,0,472,0.9999999999999999,,,6.839623900845647,,,2.45431537681675,,,4.261026875083206,,,,,,0.10615514073416414,monotone_opbgb_two_sided,0.19973590040777195,0.1353352832366127,0.0,1e-06,0.0,CONVERGENCE: RELATIVE REDUCTION OF F <= FACTR*EPSMCH,36.0,0.09593421998711334,0.0016506953835823018,True,0.0
2,logistic,raw,True,0,2,1.0,,,,,,,,,,,,,,,,,,,,,,,,,,,
2,logistic,platt,True,0,2,1.0,-3.4376709286351597,0.9981672647871529,,,,,,,,,,,,,,,,,,,,,,,,,
2,logistic,beta,True,0,2,1.0,-3.019604544342316,,1.41459843270456,-0.8473741508155658,,,,,,,,,,,,,,,,,,,,,,,
2,logistic,isotonic,True,0,49904,0.9917550405589587,,,,,72.0,,,,,,,,,,,,,,,,,,,,,,
2,logistic,bgb,True,0,2,1.0,,,8.35588899064918,,,0.9926431538007666,0.10899628748277658,0.4886297620973194,0.2744524393844206,2684.013590605553,5378.027181211106,5417.544618973787,,,,,,,,,,,,,,,
2,logistic,opbgb_symmetric,True,0,2,1.0,,,,,,,,,,,,,0.25,0.25,0.09904264459955893,,,,,,,,,,,,
2,logistic,opbgb_two_sided_unconstrained,True,0,2,1.0,,,,,,,,,,,,,0.25,0.7,0.09899336696488222,,,,,,,,,,,,
2,logistic,opbgb_symmetric_monotone,True,0,2,1.0,,,7.38905609893065,,,0.9463531136781242,,,0.8554489307896014,,,,,,0.09907296837757461,monotone_opbgb_symmetric,0.3129078087186703,0.3129078087186703,0.0001,1e-06,0.0,CONVERGENCE: NORM OF PROJECTED GRADIENT <= PGTOL,44.0,0.11691067632503704,2.1872345019949063e-05,True,0.0001
2,logistic,opbgb_two_sided_monotone,True,0,2,1.0,,,6.862509337004939,,,-0.45783973421065716,,,0.5284302985604824,,,,,,0.0990163537052293,monotone_opbgb_two_sided,0.1353352832366127,0.6336031538306092,0.0,1e-06,0.0,CONVERGENCE: RELATIVE REDUCTION OF F <= FACTR*EPSMCH,52.0,0.1164693001231259,0.0006366403414298893,True,0.0
2,logistic,nested_selected,True,0,2,1.0,,,7.38905609893065,,,0.9463531136781242,,,0.8554489307896014,,,,,,0.09907296837757461,monotone_opbgb_symmetric,0.3129078087186703,0.3129078087186703,0.0001,1e-06,0.0,CONVERGENCE: NORM OF PROJECTED GRADIENT <= PGTOL,44.0,0.11691067632503704,2.1872345019949063e-05,True,0.0001
2,lightgbm,raw,True,0,277,0.9999999999999999,,,,,,,,,,,,,,,,,,,,,,,,,,,
2,lightgbm,platt,True,0,277,0.9999999999999999,-2.9326822454822157,1.1334993707557917,,,,,,,,,,,,,,,,,,,,,,,,,
2,lightgbm,beta,True,0,277,0.9999999999999999,-2.704160196101026,,1.3035611799905633,-1.0439209988839562,,,,,,,,,,,,,,,,,,,,,,,
2,lightgbm,isotonic,True,0,49885,0.9889177905765378,,,,,70.0,,,,,,,,,,,,,,,,,,,,,,
2,lightgbm,bgb,True,0,277,0.9999999999999999,,,1.2178059194596598,,,-3.0212669166491466,1.007889284366291,2.2671583970772073,0.4962780100400314,2067.9773155017283,4145.954631003457,4185.472068766137,,,,,,,,,,,,,,,
2,lightgbm,opbgb_symmetric,True,0,277,0.9999999999999999,,,,,,,,,,,,,1.4,1.4,0.07596139455610275,,,,,,,,,,,,
2,lightgbm,opbgb_two_sided_unconstrained,True,0,277,0.9999999999999999,,,,,,,,,,,,,0.7,2.85,0.07586845510714041,,,,,,,,,,,,
2,lightgbm,opbgb_symmetric_monotone,True,0,277,0.9999999999999999,,,0.26034366370966644,,,-2.969101494898738,,,0.2317600277418951,,,,,,0.07595964178559736,monotone_opbgb_symmetric,5.013022589731846,5.013022589731846,0.0,1e-06,0.0,CONVERGENCE: RELATIVE REDUCTION OF F <= FACTR*EPSMCH,25.0,0.08946825573678528,7.681329198291238e-07,False,0.0
2,lightgbm,opbgb_two_sided_monotone,True,0,277,0.9999999999999999,,,1.3012827849627466,,,-3.492069414163587,,,0.35756498886684585,,,,,,0.07596916900846112,monotone_opbgb_two_sided,0.9355541303138577,3.6995872497341065,0.0,1e-06,0.0,CONVERGENCE: RELATIVE REDUCTION OF F <= FACTR*EPSMCH,30.0,0.08939363397156588,2.565504812001522e-06,False,0.0
2,lightgbm,nested_selected,True,0,277,0.9999999999999999,,,1.3012827849627466,,,-3.492069414163587,,,0.35756498886684585,,,,,,0.07596916900846112,monotone_opbgb_two_sided,0.9355541303138577,3.6995872497341065,0.0,1e-06,0.0,CONVERGENCE: RELATIVE REDUCTION OF F <= FACTR*EPSMCH,30.0,0.08939363397156588,2.565504812001522e-06,False,0.0
2,xgboost,raw,True,0,314,1.0,,,,,,,,,,,,,,,,,,,,,,,,,,,
2,xgboost,platt,True,0,314,1.0,-0.0781214376628932,1.0046156072670311,,,,,,,,,,,,,,,,,,,,,,,,,
2,xgboost,beta,True,0,314,1.0,0.507054748065237,,1.177474693540682,-0.5354152699956597,,,,,,,,,,,,,,,,,,,,,,,
2,xgboost,isotonic,True,0,49919,0.9673280925678939,,,,,60.0,,,,,,,,,,,,,,,,,,,,,,
2,xgboost,bgb,True,0,314,1.0,,,1.8470239324226576,,,0.7270816742191363,0.6557209329362087,1.1298616229847314,0.4095835204996661,2011.2070512530188,4032.4141025060376,4071.9315402687184,,,,,,,,,,,,,,,
2,xgboost,opbgb_symmetric,True,0,314,1.0,,,,,,,,,,,,,0.2,0.2,0.07366543090511166,,,,,,,,,,,,
2,xgboost,opbgb_two_sided_unconstrained,True,0,314,1.0,,,,,,,,,,,,,0.25,0.2,0.07364819921167848,,,,,,,,,,,,
2,xgboost,opbgb_symmetric_monotone,True,0,314,1.0,,,7.388623447751286,,,4.081348982012011,,,1.514843911259619,,,,,,0.07356424367397,monotone_opbgb_symmetric,0.215771524375232,0.215771524375232,0.0,1e-06,0.0,CONVERGENCE: RELATIVE REDUCTION OF F <= FACTR*EPSMCH,62.0,0.08698363156265487,7.069554935781274e-06,True,0.0
2,xgboost,opbgb_two_sided_monotone,True,0,314,1.0,,,1.1842547376713224,,,0.3708006856515652,,,0.7270043202224836,,,,,,0.07393175402918052,monotone_opbgb_two_sided,0.9999483464571547,0.9999946074920175,0.1,1e-06,0.0,CONVERGENCE: NORM OF PROJECTED GRADIENT <= PGTOL,22.0,0.08697496954581373,1.9920632856548554e-08,False,0.1
2,xgboost,nested_selected,True,0,314,1.0,,,7.388623447751286,,,4.081348982012011,,,1.514843911259619,,,,,,0.07356424367397,monotone_opbgb_symmetric,0.215771524375232,0.215771524375232,0.0,1e-06,0.0,CONVERGENCE: RELATIVE REDUCTION OF F <= FACTR*EPSMCH,62.0,0.08698363156265487,7.069554935781274e-06,True,0.0
3,logistic,raw,True,0,265,1.0,,,,,,,,,,,,,,,,,,,,,,,,,,,
3,logistic,platt,True,0,270,0.9999999999987521,-3.461960225145924,0.9543717321529418,,,,,,,,,,,,,,,,,,,,,,,,,
3,logistic,beta,True,0,275,0.9999999999932321,-2.033705487837041,,2.382319497587484,-0.448231837788933,,,,,,,,,,,,,,,,,,,,,,,
3,logistic,isotonic,True,0,49852,0.993651686911091,,,,,58.0,,,,,,,,,,,,,,,,,,,,,,
3,logistic,bgb,True,0,302,0.9999999760344361,,,7.217517947530139,,,1.556869105938088,0.36285909398813493,0.3604794295318514,0.0010831737037305777,2418.0608117413803,4846.121623482761,4885.639061245442,,,,,,,,,,,,,,,
3,logistic,opbgb_symmetric,True,0,1136,0.9999970311085148,,,,,,,,,,,,,5.5,5.5,0.1218228277419948,,,,,,,,,,,,
3,logistic,opbgb_two_sided_unconstrained,True,77,272,0.9999976254525136,,,,,,,,,,,,,0.2,0.5,0.12177761800709372,,,,,,,,,,,,
3,logistic,opbgb_symmetric_monotone,True,0,275,0.9999999999932321,,,6.202530647609208,,,0.7735135627696661,,,0.1353352832366127,,,,,,0.1220583125595274,monotone_opbgb_symmetric,0.414446339564566,0.414446339564566,0.0001,1e-06,0.0,CONVERGENCE: NORM OF PROJECTED GRADIENT <= PGTOL,33.0,0.12159211639712235,3.673683367217528e-05,True,0.0001
3,logistic,opbgb_two_sided_monotone,True,0,272,0.9999999999972159,,,6.061907135427548,,,0.20099043075838535,,,0.1353352832366127,,,,,,0.12203914599344175,monotone_opbgb_two_sided,0.3492443219276642,0.5636847124851136,0.0001,1e-06,0.0,CONVERGENCE: RELATIVE REDUCTION OF F <= FACTR*EPSMCH,47.0,0.1216146758884685,2.8915392738593003e-05,True,0.0001
3,logistic,nested_selected,True,0,272,0.9999999999972159,,,6.061907135427548,,,0.20099043075838535,,,0.1353352832366127,,,,,,0.12203914599344175,monotone_opbgb_two_sided,0.3492443219276642,0.5636847124851136,0.0001,1e-06,0.0,CONVERGENCE: RELATIVE REDUCTION OF F <= FACTR*EPSMCH,47.0,0.1216146758884685,2.8915392738593003e-05,True,0.0001
3,lightgbm,raw,True,0,596,0.9999999999999999,,,,,,,,,,,,,,,,,,,,,,,,,,,
3,lightgbm,platt,True,0,596,0.9999999999999999,-2.951186242806407,1.3005026873605319,,,,,,,,,,,,,,,,,,,,,,,,,
3,lightgbm,beta,True,0,596,0.9999999999999999,-2.7121398350639776,,1.476409094633273,-1.190670593704843,,,,,,,,,,,,,,,,,,,,,,,
3,lightgbm,isotonic,True,0,49835,0.9908155650797457,,,,,94.0,,,,,,,,,,,,,,,,,,,,,,
3,lightgbm,bgb,True,0,596,0.9999999999999999,,,3.3401712171312696,,,-1.9783580650090518,0.4698963606462317,0.7317570815326648,1.3657944148403702,1855.7517767555973,3721.5035535111947,3761.0209912738756,,,,,,,,,,,,,,,
3,lightgbm,opbgb_symmetric,True,0,596,0.9999999999999999,,,,,,,,,,,,,0.35,0.35,0.10391283142006986,,,,,,,,,,,,
3,lightgbm,opbgb_two_sided_unconstrained,True,0,1067,0.9999995492879614,,,,,,,,,,,,,5.5,1.0,0.10381006470355257,,,,,,,,,,,,
3,lightgbm,opbgb_symmetric_monotone,True,0,596,0.9999999999999999,,,7.3099551957796045,,,0.38323194435910163,,,2.6106929335267983,,,,,,0.10390495286141961,monotone_opbgb_symmetric,0.24601726596826942,0.24601726596826942,0.0,1e-06,0.0,CONVERGENCE: RELATIVE REDUCTION OF F <= FACTR*EPSMCH,76.0,0.09797507651343491,5.043890062609721e-05,False,0.0
3,lightgbm,opbgb_two_sided_monotone,True,0,596,0.9999999999999999,,,7.38905609893065,,,0.9391828019248643,,,1.4988814220250126,,,,,,0.10377561090808209,monotone_opbgb_two_sided,0.24233563359668997,0.3226678672026047,0.0,1e-06,0.0,CONVERGENCE: RELATIVE REDUCTION OF F <= FACTR*EPSMCH,88.0,0.09796164184584459,1.0480869409436106e-05,True,0.0
3,lightgbm,nested_selected,True,0,596,0.9999999999999999,,,7.3099551957796045,,,0.38323194435910163,,,2.6106929335267983,,,,,,0.10390495286141961,monotone_opbgb_symmetric,0.24601726596826942,0.24601726596826942,0.0,1e-06,0.0,CONVERGENCE: RELATIVE REDUCTION OF F <= FACTR*EPSMCH,76.0,0.09797507651343491,5.043890062609721e-05,False,0.0
3,xgboost,raw,True,0,647,1.0,,,,,,,,,,,,,,,,,,,,,,,,,,,
3,xgboost,platt,True,0,647,1.0,0.2776709138535878,1.1934520886455395,,,,,,,,,,,,,,,,,,,,,,,,,
3,xgboost,beta,True,0,647,1.0,0.9238221423212655,,1.3884609046197587,-0.489525258729844,,,,,,,,,,,,,,,,,,,,,,,
3,xgboost,isotonic,True,0,49897,0.9944793907264687,,,,,78.0,,,,,,,,,,,,,,,,,,,,,,
3,xgboost,bgb,True,0,647,1.0,,,1.6199572181139705,,,0.8117279626538804,0.8361856721500418,1.5788330975100802,0.30798277397598495,1815.598447117346,3641.196894234692,3680.714331997373,,,,,,,,,,,,,,,
3,xgboost,opbgb_symmetric,True,0,647,1.0,,,,,,,,,,,,,0.35,0.35,0.10305667812095717,,,,,,,,,,,,
3,xgboost,opbgb_two_sided_unconstrained,True,0,647,1.0,,,,,,,,,,,,,0.35,0.35,0.10305667812095717,,,,,,,,,,,,
3,xgboost,opbgb_symmetric_monotone,True,0,647,1.0,,,1.2396787903140662,,,0.5293169360322458,,,0.48878430347567026,,,,,,0.10310967480506888,monotone_opbgb_symmetric,0.9999703698411706,0.9999703698411706,0.1,1e-06,0.0,CONVERGENCE: RELATIVE REDUCTION OF F <= FACTR*EPSMCH,18.0,0.09654339514638303,3.439214009549055e-07,False,0.1
3,xgboost,opbgb_two_sided_monotone,True,0,647,1.0,,,1.239647815495196,,,0.5293013578233127,,,0.488780850082825,,,,,,0.1031096726695388,monotone_opbgb_two_sided,0.9999915771232207,0.9999787106897169,0.1,1e-06,0.0,CONVERGENCE: RELATIVE REDUCTION OF F <= FACTR*EPSMCH,22.0,0.09654339518347803,3.0532150889280767e-07,False,0.1
3,xgboost,nested_selected,True,0,647,1.0,,,1.239647815495196,,,0.5293013578233127,,,0.488780850082825,,,,,,0.1031096726695388,monotone_opbgb_two_sided,0.9999915771232207,0.9999787106897169,0.1,1e-06,0.0,CONVERGENCE: RELATIVE REDUCTION OF F <= FACTR*EPSMCH,22.0,0.09654339518347803,3.0532150889280767e-07,False,0.1
4,logistic,raw,True,0,900,0.9999999999999999,,,,,,,,,,,,,,,,,,,,,,,,,,,
4,logistic,platt,True,0,900,0.9999999999999999,-3.4471661803392877,0.6936484110247665,,,,,,,,,,,,,,,,,,,,,,,,,
4,logistic,beta,True,0,977,0.9999992766576173,-1.4516393319933931,,2.7997083703101664,-0.13830515898066986,,,,,,,,,,,,,,,,,,,,,,,
4,logistic,isotonic,True,0,49882,0.9936564563090606,,,,,64.0,,,,,,,,,,,,,,,,,,,,,,
4,logistic,bgb,True,0,937,0.999999705219848,,,6.808187403283693,,,-0.4271027366708084,0.15813198720684765,0.9706475549364709,0.0002739932563950069,2221.485622085678,4452.971244171356,4492.488681934037,,,,,,,,,,,,,,,
4,logistic,opbgb_symmetric,True,73,954,0.9981848955982607,,,,,,,,,,,,,0.2,0.2,0.11725926345055204,,,,,,,,,,,,
4,logistic,opbgb_two_sided_unconstrained,True,91,936,0.9998018100541461,,,,,,,,,,,,,0.2,0.35,0.11676843550746725,,,,,,,,,,,,
4,logistic,opbgb_symmetric_monotone,True,0,900,0.9999999999999999,,,1.264367724936425,,,-2.468085995147637,,,0.16910219972971083,,,,,,0.1342318003954461,monotone_opbgb_symmetric,0.5206080564853451,0.5206080564853451,0.001,1e-06,0.0,CONVERGENCE: RELATIVE REDUCTION OF F <= FACTR*EPSMCH,13.0,0.12778819254405263,0.013191717945109515,False,0.001
4,logistic,opbgb_two_sided_monotone,True,0,969,0.9999993577364016,,,1.7563115973472105,,,-1.5142547751630508,,,0.1353352832366127,,,,,,0.13577486742474418,monotone_opbgb_two_sided,1.4408596581325324,0.5070234108861403,0.001,1e-06,0.0,CONVERGENCE: RELATIVE REDUCTION OF F <= FACTR*EPSMCH,22.0,0.12080020317223296,0.0029721377103136782,True,0.001
4,logistic,nested_selected,True,0,937,0.999999705219848,,,6.808187403283693,,,-0.4271027366708084,0.15813198720684765,0.9706475549364709,0.0002739932563950069,2221.485622085678,4452.971244171356,4492.488681934037,,,,,,,,,,,,,,,
4,lightgbm,raw,True,0,1386,0.9999999999999999,,,,,,,,,,,,,,,,,,,,,,,,,,,
4,lightgbm,platt,True,0,1386,0.9999999999999999,-3.177272779934195,1.2055891945919548,,,,,,,,,,,,,,,,,,,,,,,,,
4,lightgbm,beta,True,0,1386,0.9999999999999999,-3.372070732976043,,1.0716872777089481,-1.2921170620764113,,,,,,,,,,,,,,,,,,,,,,,
4,lightgbm,isotonic,True,0,49847,0.9917786380246821,,,,,72.0,,,,,,,,,,,,,,,,,,,,,,
4,lightgbm,bgb,True,0,1386,0.9999999999999999,,,1.2569667491754362,,,-3.6613719824059623,0.7798782182099719,0.6321284383751506,2.143560077000705,1602.789537994611,3215.579075989222,3255.096513751903,,,,,,,,,,,,,,,
4,lightgbm,opbgb_symmetric,True,0,1620,0.9999999447051077,,,,,,,,,,,,,4.0,4.0,0.0910656265678779,,,,,,,,,,,,
4,lightgbm,opbgb_two_sided_unconstrained,True,0,1619,0.9999999447051319,,,,,,,,,,,,,2.85,4.0,0.09104169420740334,,,,,,,,,,,,
4,lightgbm,opbgb_symmetric_monotone,True,0,1386,0.9999999999999999,,,1.2099638607338243,,,-3.102115055973308,,,1.060631559033249,,,,,,0.0916706102350868,monotone_opbgb_symmetric,1.0000790180977295,1.0000790180977295,0.1,1e-06,0.0,CONVERGENCE: RELATIVE REDUCTION OF F <= FACTR*EPSMCH,13.0,0.08544291305621643,1.081906380436965e-06,False,0.1
4,lightgbm,opbgb_two_sided_monotone,True,0,1386,0.9999999999999999,,,1.118775815731204,,,-3.1039533434715665,,,1.0269993222591953,,,,,,0.09165695389627843,monotone_opbgb_two_sided,1.0827652665397367,1.0329037351623054,0.0,1e-06,0.0,CONVERGENCE: RELATIVE REDUCTION OF F <= FACTR*EPSMCH,11.0,0.08544216249347868,8.143964888778306e-06,False,0.0
4,lightgbm,nested_selected,True,0,1386,0.9999999999999999,,,1.118775815731204,,,-3.1039533434715665,,,1.0269993222591953,,,,,,0.09165695389627843,monotone_opbgb_two_sided,1.0827652665397367,1.0329037351623054,0.0,1e-06,0.0,CONVERGENCE: RELATIVE REDUCTION OF F <= FACTR*EPSMCH,11.0,0.08544216249347868,8.143964888778306e-06,False,0.0
4,xgboost,raw,True,0,1380,1.0,,,,,,,,,,,,,,,,,,,,,,,,,,,
4,xgboost,platt,True,0,1380,1.0,-0.3361667280868326,1.1176237297780576,,,,,,,,,,,,,,,,,,,,,,,,,
4,xgboost,beta,True,0,1380,1.0,-0.3948479196669824,,1.1002803203435039,-1.1834310573881606,,,,,,,,,,,,,,,,,,,,,,,
4,xgboost,isotonic,True,0,49815,0.9889256873095393,,,,,70.0,,,,,,,,,,,,,,,,,,,,,,
4,xgboost,bgb,True,0,1380,1.0,,,0.24850461692544665,,,0.048252556003578535,4.88674660062607,0.8835529341069569,1.4785616070282621,1563.7842647919038,3137.5685295838075,3177.0859673464884,,,,,,,,,,,,,,,
4,xgboost,opbgb_symmetric,True,0,1380,1.0,,,,,,,,,,,,,0.5,0.5,0.08806253468149357,,,,,,,,,,,,
4,xgboost,opbgb_two_sided_unconstrained,True,0,1380,1.0,,,,,,,,,,,,,0.35,0.25,0.08770270838131698,,,,,,,,,,,,
4,xgboost,opbgb_symmetric_monotone,True,0,1380,1.0,,,7.167044319021294,,,-0.7861232041109012,,,7.38905609893065,,,,,,0.08831243356165804,monotone_opbgb_symmetric,0.14043304765188888,0.14043304765188888,0.0,1e-06,0.0,CONVERGENCE: RELATIVE REDUCTION OF F <= FACTR*EPSMCH,26.0,0.08305573753018494,0.0007767060313528766,True,0.0
4,xgboost,opbgb_two_sided_monotone,True,0,1380,1.0,,,3.784149292156163,,,0.8589309229722156,,,1.7760775837325833,,,,,,0.08838688542937716,monotone_opbgb_two_sided,0.3465699193066584,0.3334220831385767,0.0,1e-06,0.0,CONVERGENCE: RELATIVE REDUCTION OF F <= FACTR*EPSMCH,41.0,0.08285879335895678,4.0626571325953735e-06,False,0.0
4,xgboost,nested_selected,True,0,1380,1.0,,,3.784149292156163,,,0.8589309229722156,,,1.7760775837325833,,,,,,0.08838688542937716,monotone_opbgb_two_sided,0.3465699193066584,0.3334220831385767,0.0,1e-06,0.0,CONVERGENCE: RELATIVE REDUCTION OF F <= FACTR*EPSMCH,41.0,0.08285879335895678,4.0626571325953735e-06,False,0.0
