fold,model,calibration,success,intercept,coef,a,b_raw,n_thresholds,theta,alpha,beta_inner,b,nll_fit,aic,bic,lambda_left,lambda_right,selection_logloss
1,logistic,raw,True,,,,,,,,,,,,,,,
1,logistic,platt,True,-3.467967447734885,0.8198569744786791,,,,,,,,,,,,,
1,logistic,beta,True,-2.201853230556332,,2.1368644463854647,-0.4133685669413913,,,,,,,,,,,
1,logistic,isotonic,True,,,,,62.0,,,,,,,,,,
1,logistic,bgb,True,,,7.464433354702881,,,-0.16060633979117914,0.08170069179240877,0.8579699051661938,0.00011256495130612636,2465.8251659494263,4941.6503318988525,4981.167769661533,,,
1,logistic,opbgb_symmetric,True,,,,,,,,,,,,,0.5,0.5,0.1352643532925123
1,logistic,opbgb_two_sided,True,,,,,,,,,,,,,0.2,1.0,0.13429011394686413
1,logistic,nested_selected,True,,,,,,,,,,,,,0.2,1.0,0.13429011394686413
1,lightgbm,raw,True,,,,,,,,,,,,,,,
1,lightgbm,platt,True,-2.959530595543146,1.30020638154687,,,,,,,,,,,,,
1,lightgbm,beta,True,-3.1241272476487287,,1.1918254597135811,-1.380103379541083,,,,,,,,,,,
1,lightgbm,isotonic,True,,,,,86.0,,,,,,,,,,
1,lightgbm,bgb,True,,,1.2703601373906077,,,-3.1287932577097313,0.9372981637956052,0.9783502470314067,1.4111335187980283,1781.3968115373527,3572.7936230747055,3612.3110608373863,,,
1,lightgbm,opbgb_symmetric,True,,,,,,,,,,,,,0.35,0.35,0.1057339638874092
1,lightgbm,opbgb_two_sided,True,,,,,,,,,,,,,0.35,0.25,0.10553838283673413
1,lightgbm,nested_selected,True,,,,,,,,,,,,,0.35,0.25,0.10553838283673413
1,xgboost,raw,True,,,,,,,,,,,,,,,
1,xgboost,platt,True,0.43624217161792517,1.1364830224170586,,,,,,,,,,,,,
1,xgboost,beta,True,0.5112229221345577,,1.1571692816558394,-1.0398469961921186,,,,,,,,,,,
1,xgboost,isotonic,True,,,,,76.0,,,,,,,,,,
1,xgboost,bgb,True,,,1.4300136594459738,,,0.555671287877353,0.815582748180315,0.8946728075390646,1.1389757383816765,1728.7764438569982,3467.5528877139964,3507.070325476677,,,
1,xgboost,opbgb_symmetric,True,,,,,,,,,,,,,0.7,0.7,0.10623067358448347
1,xgboost,opbgb_two_sided,True,,,,,,,,,,,,,0.5,0.25,0.10573173836043093
1,xgboost,nested_selected,True,,,,,,,,,,,,,0.5,0.25,0.10573173836043093
2,logistic,raw,True,,,,,,,,,,,,,,,
2,logistic,platt,True,-3.4376709286351597,0.9981672647871529,,,,,,,,,,,,,
2,logistic,beta,True,-3.019604544342316,,1.41459843270456,-0.8473741508155658,,,,,,,,,,,
2,logistic,isotonic,True,,,,,72.0,,,,,,,,,,
2,logistic,bgb,True,,,8.35588899064918,,,0.9926431538007666,0.10899628748277658,0.4886297620973194,0.2744524393844206,2684.013590605553,5378.027181211106,5417.544618973787,,,
2,logistic,opbgb_symmetric,True,,,,,,,,,,,,,0.25,0.25,0.09904264459955893
2,logistic,opbgb_two_sided,True,,,,,,,,,,,,,0.25,0.7,0.09899336696488222
2,logistic,nested_selected,True,,,,,,,,,,,,,0.25,0.7,0.09899336696488222
2,lightgbm,raw,True,,,,,,,,,,,,,,,
2,lightgbm,platt,True,-2.9326822454822157,1.1334993707557917,,,,,,,,,,,,,
2,lightgbm,beta,True,-2.704160196101026,,1.3035611799905633,-1.0439209988839562,,,,,,,,,,,
2,lightgbm,isotonic,True,,,,,70.0,,,,,,,,,,
2,lightgbm,bgb,True,,,1.2178059194596598,,,-3.0212669166491466,1.007889284366291,2.2671583970772073,0.4962780100400314,2067.9773155017283,4145.954631003457,4185.472068766137,,,
2,lightgbm,opbgb_symmetric,True,,,,,,,,,,,,,1.4,1.4,0.07596139455610275
2,lightgbm,opbgb_two_sided,True,,,,,,,,,,,,,0.7,2.85,0.07586845510714041
2,lightgbm,nested_selected,True,,,,,,,,,,,,,0.7,2.85,0.07586845510714041
2,xgboost,raw,True,,,,,,,,,,,,,,,
2,xgboost,platt,True,-0.0781214376628932,1.0046156072670311,,,,,,,,,,,,,
2,xgboost,beta,True,0.507054748065237,,1.177474693540682,-0.5354152699956597,,,,,,,,,,,
2,xgboost,isotonic,True,,,,,60.0,,,,,,,,,,
2,xgboost,bgb,True,,,1.8470239324226576,,,0.7270816742191363,0.6557209329362087,1.1298616229847314,0.4095835204996661,2011.2070512530188,4032.4141025060376,4071.9315402687184,,,
2,xgboost,opbgb_symmetric,True,,,,,,,,,,,,,0.2,0.2,0.07366543090511166
2,xgboost,opbgb_two_sided,True,,,,,,,,,,,,,0.25,0.2,0.07364819921167848
2,xgboost,nested_selected,True,,,,,,,,,,,,,0.25,0.2,0.07364819921167848
3,logistic,raw,True,,,,,,,,,,,,,,,
3,logistic,platt,True,-3.461960225145924,0.9543717321529418,,,,,,,,,,,,,
3,logistic,beta,True,-2.033705487837041,,2.382319497587484,-0.448231837788933,,,,,,,,,,,
3,logistic,isotonic,True,,,,,58.0,,,,,,,,,,
3,logistic,bgb,True,,,7.217517947530139,,,1.556869105938088,0.36285909398813493,0.3604794295318514,0.0010831737037305777,2418.0608117413803,4846.121623482761,4885.639061245442,,,
3,logistic,opbgb_symmetric,True,,,,,,,,,,,,,5.5,5.5,0.1218228277419948
3,logistic,opbgb_two_sided,True,,,,,,,,,,,,,0.2,0.5,0.12177761800709372
3,logistic,nested_selected,True,,,,,,,,,,,,,0.2,0.5,0.12177761800709372
3,lightgbm,raw,True,,,,,,,,,,,,,,,
3,lightgbm,platt,True,-2.951186242806407,1.3005026873605319,,,,,,,,,,,,,
3,lightgbm,beta,True,-2.7121398350639776,,1.476409094633273,-1.190670593704843,,,,,,,,,,,
3,lightgbm,isotonic,True,,,,,94.0,,,,,,,,,,
3,lightgbm,bgb,True,,,3.3401712171312696,,,-1.9783580650090518,0.4698963606462317,0.7317570815326648,1.3657944148403702,1855.7517767555973,3721.5035535111947,3761.0209912738756,,,
3,lightgbm,opbgb_symmetric,True,,,,,,,,,,,,,0.35,0.35,0.10391283142006986
3,lightgbm,opbgb_two_sided,True,,,,,,,,,,,,,5.5,1.0,0.10381006470355257
3,lightgbm,nested_selected,True,,,,,,,,,,,,,5.5,1.0,0.10381006470355257
3,xgboost,raw,True,,,,,,,,,,,,,,,
3,xgboost,platt,True,0.2776709138535878,1.1934520886455395,,,,,,,,,,,,,
3,xgboost,beta,True,0.9238221423212655,,1.3884609046197587,-0.489525258729844,,,,,,,,,,,
3,xgboost,isotonic,True,,,,,78.0,,,,,,,,,,
3,xgboost,bgb,True,,,1.6199572181139705,,,0.8117279626538804,0.8361856721500418,1.5788330975100802,0.30798277397598495,1815.598447117346,3641.196894234692,3680.714331997373,,,
3,xgboost,opbgb_symmetric,True,,,,,,,,,,,,,0.35,0.35,0.10305667812095717
3,xgboost,opbgb_two_sided,True,,,,,,,,,,,,,0.35,0.35,0.10305667812095717
3,xgboost,nested_selected,True,,,,,,,,,,,,,0.35,0.35,0.10305667812095717
4,logistic,raw,True,,,,,,,,,,,,,,,
4,logistic,platt,True,-3.4471661803392877,0.6936484110247665,,,,,,,,,,,,,
4,logistic,beta,True,-1.4516393319933931,,2.7997083703101664,-0.13830515898066986,,,,,,,,,,,
4,logistic,isotonic,True,,,,,64.0,,,,,,,,,,
4,logistic,bgb,True,,,6.808187403283693,,,-0.4271027366708084,0.15813198720684765,0.9706475549364709,0.0002739932563950069,2221.485622085678,4452.971244171356,4492.488681934037,,,
4,logistic,opbgb_symmetric,True,,,,,,,,,,,,,0.2,0.2,0.11725926345055204
4,logistic,opbgb_two_sided,True,,,,,,,,,,,,,0.2,0.35,0.11676843550746725
4,logistic,nested_selected,True,,,,,,,,,,,,,0.2,0.35,0.11676843550746725
4,lightgbm,raw,True,,,,,,,,,,,,,,,
4,lightgbm,platt,True,-3.177272779934195,1.2055891945919548,,,,,,,,,,,,,
4,lightgbm,beta,True,-3.372070732976043,,1.0716872777089481,-1.2921170620764113,,,,,,,,,,,
4,lightgbm,isotonic,True,,,,,72.0,,,,,,,,,,
4,lightgbm,bgb,True,,,1.2569667491754362,,,-3.6613719824059623,0.7798782182099719,0.6321284383751506,2.143560077000705,1602.789537994611,3215.579075989222,3255.096513751903,,,
4,lightgbm,opbgb_symmetric,True,,,,,,,,,,,,,4.0,4.0,0.0910656265678779
4,lightgbm,opbgb_two_sided,True,,,,,,,,,,,,,2.85,4.0,0.09104169420740334
4,lightgbm,nested_selected,True,,,,,,,,,,,,,2.85,4.0,0.09104169420740334
4,xgboost,raw,True,,,,,,,,,,,,,,,
4,xgboost,platt,True,-0.3361667280868326,1.1176237297780576,,,,,,,,,,,,,
4,xgboost,beta,True,-0.3948479196669824,,1.1002803203435039,-1.1834310573881606,,,,,,,,,,,
4,xgboost,isotonic,True,,,,,70.0,,,,,,,,,,
4,xgboost,bgb,True,,,0.24850461692544665,,,0.048252556003578535,4.88674660062607,0.8835529341069569,1.4785616070282621,1563.7842647919038,3137.5685295838075,3177.0859673464884,,,
4,xgboost,opbgb_symmetric,True,,,,,,,,,,,,,0.5,0.5,0.08806253468149357
4,xgboost,opbgb_two_sided,True,,,,,,,,,,,,,0.35,0.25,0.08770270838131698
4,xgboost,nested_selected,True,,,,,,,,,,,,,0.35,0.25,0.08770270838131698
