model,calibration,metric,n_units,unit,mean,sd,median,q1,q3,min,max,resampling_interval_low,resampling_interval_high,resamples_enumerated,interval_interpretation
lightgbm,beta,brier,4,temporal fold,0.02399082820003115,0.001359105033705985,0.0240562133380299,0.02339165151582115,0.0246553900222399,0.0222902892079684,0.0255605969160964,0.0228061305037149,0.02511014075834865,256,finite empirical fold-resampling sensitivity interval; not population-level coverage
lightgbm,beta,logloss,4,temporal fold,0.09768685916519151,0.0042513950211712824,0.09766357385040089,0.09607778428124927,0.09927264873434315,0.0925187181486295,0.1029015708113348,0.09390479062197528,0.1014922130231984,256,finite empirical fold-resampling sensitivity interval; not population-level coverage
lightgbm,beta,ece,4,temporal fold,0.0062636941031469,0.0030621072136626077,0.0051519541964689,0.004785929966999625,0.006629718332616176,0.0039719279642355,0.0107789400554143,0.004290607079430825,0.009348521033540976,256,finite empirical fold-resampling sensitivity interval; not population-level coverage
lightgbm,beta,ici,4,temporal fold,0.0066531311074934,0.002974067567583647,0.00544757695757725,0.005146846920795775,0.0069538611442748754,0.0046425849576628,0.0110747855571563,0.0048769936365757,0.00963482272832725,256,finite empirical fold-resampling sensitivity interval; not population-level coverage
lightgbm,beta,cal_intercept,4,temporal fold,-0.2180568388004775,0.4102912481329788,-0.11080067966306484,-0.4103110455156347,0.08145352705209233,-0.7693404319731697,0.1187144360973894,-0.559747017970629,0.09387383006719136,256,finite empirical fold-resampling sensitivity interval; not population-level coverage
lightgbm,beta,cal_slope,4,temporal fold,0.9225981862707631,0.08018228358575533,0.9342731981485768,0.8766051311005534,0.9802662533187865,0.8226214204724347,0.9992249283134642,0.8586105608911805,0.9865858116503456,256,finite empirical fold-resampling sensitivity interval; not population-level coverage
lightgbm,beta,oe_ratio,4,temporal fold,0.9800741808598791,0.14906185445189696,1.0293589601191377,0.921771951990281,1.0876611889887358,0.7722435672647643,1.089335235936476,0.8509584687834455,1.0882192046379826,256,finite empirical fold-resampling sensitivity interval; not population-level coverage
lightgbm,bgb,brier,4,temporal fold,0.02401645597969445,0.0013359002033721593,0.0240551595671013,0.023410292706886576,0.024661322839909173,0.0223699286788929,0.0255855761056823,0.022865756113665873,0.025128452258316173,256,finite empirical fold-resampling sensitivity interval; not population-level coverage
lightgbm,bgb,logloss,4,temporal fold,0.09772858847605703,0.004220175142180618,0.09766828832262364,0.09610316817294982,0.09929370862573085,0.0926372283680814,0.1029405488908994,0.09399744507706305,0.10152003202848439,256,finite empirical fold-resampling sensitivity interval; not population-level coverage
lightgbm,bgb,ece,4,temporal fold,0.006325414345655549,0.003196955235622009,0.00513120480571235,0.00477391260260835,0.00668270654875955,0.0039884203473444,0.0110508274238531,0.004297981824773724,0.009547056406480575,256,finite empirical fold-resampling sensitivity interval; not population-level coverage
lightgbm,bgb,ici,4,temporal fold,0.006699529841918325,0.0031133809753889647,0.00545101286930645,0.005145342734631625,0.00700519997659315,0.0045703066922722,0.0113257869367882,0.004818981100002851,0.009828595556445675,256,finite empirical fold-resampling sensitivity interval; not population-level coverage
lightgbm,bgb,cal_intercept,4,temporal fold,-0.21422291237945995,0.4039994584932072,-0.109812022139988,-0.40588436931405025,0.0818494347946023,-0.7554146024202448,0.118146997182381,-0.5491233899821812,0.09394862225719519,256,finite empirical fold-resampling sensitivity interval; not population-level coverage
lightgbm,bgb,cal_slope,4,temporal fold,0.9242812968456788,0.07794505229165162,0.9345223179148274,0.8783580094634923,0.9804456052970141,0.8283450807494231,0.9997354708036374,0.8616870332254692,0.9868755604658885,256,finite empirical fold-resampling sensitivity interval; not population-level coverage
lightgbm,bgb,oe_ratio,4,temporal fold,0.9794463531341868,0.1493257418749467,1.0296472692547443,0.9215767468350738,1.0875168755538573,0.7709442778104025,1.0875465962168562,0.8500849505243495,1.0875267824415236,256,finite empirical fold-resampling sensitivity interval; not population-level coverage
lightgbm,isotonic,brier,4,temporal fold,0.0241516189100116,0.0012347680110461735,0.02417732163661335,0.02352636702798625,0.0248025735186387,0.0226579267503526,0.0255939056164671,0.023128144100938428,0.025149390992483027,256,finite empirical fold-resampling sensitivity interval; not population-level coverage
lightgbm,isotonic,logloss,4,temporal fold,0.10153771456425917,0.005036337575335407,0.10346756511614645,0.10051253551077932,0.10449274416962631,0.0941389841483737,0.1050767438763701,0.0966787575114582,0.1046874107385409,256,finite empirical fold-resampling sensitivity interval; not population-level coverage
lightgbm,isotonic,ece,4,temporal fold,0.0059904161991246995,0.0029848236960053447,0.00462952695745905,0.0044809740010024,0.00613896915558135,0.0042440755872268,0.0104585352943539,0.004357835134417725,0.008983886505497325,256,finite empirical fold-resampling sensitivity interval; not population-level coverage
lightgbm,isotonic,ici,4,temporal fold,0.007089925041206225,0.003064759603223279,0.00581412875901165,0.00546580912880215,0.007438244671415725,0.0050816230578562,0.0116498195889454,0.005319813884785275,0.01013583247982175,256,finite empirical fold-resampling sensitivity interval; not population-level coverage
lightgbm,isotonic,cal_intercept,4,temporal fold,-0.3861035852991047,0.36803055168654053,-0.35467181437773226,-0.6317073928658588,-0.10906800681097818,-0.8097084005834351,-0.0253623118575193,-0.6910410621050509,-0.08116610849315856,256,finite empirical fold-resampling sensitivity interval; not population-level coverage
lightgbm,isotonic,cal_slope,4,temporal fold,0.8534193288526889,0.07647771074874013,0.8445906293795895,0.7948904313810952,0.9031195268511831,0.7811147459668697,0.9433813106847072,0.7902985362430199,0.9165401214623579,256,finite empirical fold-resampling sensitivity interval; not population-level coverage
lightgbm,isotonic,oe_ratio,4,temporal fold,0.9840370349421659,0.1508253829084292,1.0295328426242334,0.9217284860866282,1.091841391479771,0.7758072937856342,1.1012751607345626,0.8540296707712691,1.0949859812313683,256,finite empirical fold-resampling sensitivity interval; not population-level coverage
lightgbm,nested_selected,brier,4,temporal fold,0.023918983711152024,0.0016355177579313908,0.0241417261745559,0.023232818807782624,0.0248278910779253,0.0217629460906295,0.0256295364048668,0.022462378560208322,0.02515284639869185,256,finite empirical fold-resampling sensitivity interval; not population-level coverage
lightgbm,nested_selected,logloss,4,temporal fold,0.0975638163113661,0.005140576889711363,0.09779327398455545,0.0955388348310897,0.09981825546483185,0.0910945302048717,0.1035741870714818,0.09296246721930757,0.10193570773023528,256,finite empirical fold-resampling sensitivity interval; not population-level coverage
lightgbm,nested_selected,ece,4,temporal fold,0.006214757083474875,0.0016160776470185644,0.00605125785458755,0.005432958549117175,0.00683305638894525,0.0044333078643859,0.0083232047603385,0.0049090659645763,0.007683947431260775,256,finite empirical fold-resampling sensitivity interval; not population-level coverage
lightgbm,nested_selected,ici,4,temporal fold,0.0068318394057766,0.0017904495326766172,0.0062779516450417495,0.006018806261951675,0.007090984788866675,0.0053378142057854,0.0094336401272375,0.00558088557335815,0.0086366809989299,256,finite empirical fold-resampling sensitivity interval; not population-level coverage
lightgbm,nested_selected,cal_intercept,4,temporal fold,-0.055392686227919374,0.3809407304110387,-0.04266966451023915,-0.24319678378962878,0.14513443305147025,-0.5217162545888914,0.3854848386976921,-0.3750327831493194,0.25152438897580043,256,finite empirical fold-resampling sensitivity interval; not population-level coverage
lightgbm,nested_selected,cal_slope,4,temporal fold,0.9700639442710424,0.06054127986622115,0.9544513176791107,0.9370212772059784,0.9874939847441748,0.9156468347201232,1.0557063070058252,0.9279242620376653,1.0278162530963515,256,finite empirical fold-resampling sensitivity interval; not population-level coverage
lightgbm,nested_selected,oe_ratio,4,temporal fold,1.0214681623046944,0.18120789715700678,1.0572377625062428,0.9161438109759815,1.1625621138349558,0.7944076511613704,1.1769894730449215,0.8755650910377778,1.167371233571611,256,finite empirical fold-resampling sensitivity interval; not population-level coverage
lightgbm,opbgb_symmetric,brier,4,temporal fold,0.023997154119934402,0.0013513253446496905,0.02405570950775395,0.0233983217237387,0.02465454190394965,0.0223122458125448,0.0255649516516849,0.022821952356418075,0.025113800495631177,256,finite empirical fold-resampling sensitivity interval; not population-level coverage
lightgbm,opbgb_symmetric,logloss,4,temporal fold,0.09769241901995934,0.004240667334023541,0.0976702995749305,0.09612786187472555,0.0992348567201643,0.0925322964327896,0.1028967804971868,0.0939027761898814,0.10150418129506615,256,finite empirical fold-resampling sensitivity interval; not population-level coverage
lightgbm,opbgb_symmetric,ece,4,temporal fold,0.0064067809513987505,0.003092473407339547,0.0053996688822499,0.004478165959095575,0.0073282838745530755,0.0039872031228197,0.0108405829182755,0.00431451168033695,0.009290892248170176,256,finite empirical fold-resampling sensitivity interval; not population-level coverage
lightgbm,opbgb_symmetric,ici,4,temporal fold,0.006762676104473926,0.002978220246364704,0.00566037881789735,0.0050433663987966,0.0073796885235746755,0.004600908430026,0.011129038352075,0.0048958804092064,0.00964449186115295,256,finite empirical fold-resampling sensitivity interval; not population-level coverage
lightgbm,opbgb_symmetric,cal_intercept,4,temporal fold,-0.20497630911191578,0.40468045039002265,-0.08843601718818285,-0.37433527008189926,0.08092294378180062,-0.7618874304172705,0.1188542283459731,-0.5543457772478504,0.09356670530319144,256,finite empirical fold-resampling sensitivity interval; not population-level coverage
lightgbm,opbgb_symmetric,cal_slope,4,temporal fold,0.9263762075639138,0.07769508466091339,0.9401722528239318,0.8857221957662282,0.9808262646216174,0.8261012683768135,0.999059056230978,0.8632631181372344,0.9869038618247377,256,finite empirical fold-resampling sensitivity interval; not population-level coverage
lightgbm,opbgb_symmetric,oe_ratio,4,temporal fold,0.980278780711535,0.14880116981801889,1.030236674575515,0.9246550607765442,1.0858603945105059,0.7714164377189149,1.0892253359761952,0.8497470151280051,1.0869820416657356,256,finite empirical fold-resampling sensitivity interval; not population-level coverage
lightgbm,opbgb_symmetric_monotone,brier,4,temporal fold,0.023907940481538523,0.00162066301005649,0.0241410272763103,0.023232067009607525,0.024816900748241298,0.0217629460906295,0.025586761282904,0.022462279710477224,0.02512051445782805,256,finite empirical fold-resampling sensitivity interval; not population-level coverage
lightgbm,opbgb_symmetric_monotone,logloss,4,temporal fold,0.09752956456845367,0.0050884356461313954,0.09779203615774751,0.0955367353506102,0.09978486537559098,0.0910945302048717,0.103439655753448,0.0929625481327301,0.10183410941488343,256,finite empirical fold-resampling sensitivity interval; not population-level coverage
lightgbm,opbgb_symmetric_monotone,ece,4,temporal fold,0.00619573065055345,0.0016219906993524956,0.00601992257506395,0.0054138804834164495,0.006801772742200949,0.0044198726917474,0.0083232047603385,0.004888561702849325,0.007678707673747075,256,finite empirical fold-resampling sensitivity interval; not population-level coverage
lightgbm,opbgb_symmetric_monotone,ici,4,temporal fold,0.006801241066916475,0.0018061152061518637,0.0062209048122047,0.005928763928380575,0.0070933819507406,0.005329514516019,0.0094336401272375,0.005575459859991324,0.0086073585285534,256,finite empirical fold-resampling sensitivity interval; not population-level coverage
lightgbm,opbgb_symmetric_monotone,cal_intercept,4,temporal fold,-0.05540937481690601,0.38104596264329416,-0.0428296857129087,-0.24336074874131844,0.14512168821150373,-0.5217162545888914,0.3857381267470847,-0.37505813876675764,0.25165970002894833,256,finite empirical fold-resampling sensitivity interval; not population-level coverage
lightgbm,opbgb_symmetric_monotone,cal_slope,4,temporal fold,0.9698708414996389,0.060691763438345175,0.9540264284555129,0.9364391576388615,0.98745811231629,0.9156468347201232,1.055783674367406,0.9279058572815719,1.0276802387618316,256,finite empirical fold-resampling sensitivity interval; not population-level coverage
lightgbm,opbgb_symmetric_monotone,oe_ratio,4,temporal fold,1.021457484154743,0.18119862005768828,1.0572318936988983,0.9161386866772461,1.1625506911763952,0.7944076511613704,1.1769584980598051,0.8755616748386208,1.1673532934708652,256,finite empirical fold-resampling sensitivity interval; not population-level coverage
lightgbm,opbgb_two_sided_monotone,brier,4,temporal fold,0.0239325638067488,0.0016117003920816323,0.0241417261745559,0.0232463989033794,0.0248278910779253,0.0218172664730166,0.0256295364048668,0.02250311884699865,0.02515284639869185,256,finite empirical fold-resampling sensitivity interval; not population-level coverage
lightgbm,opbgb_two_sided_monotone,logloss,4,temporal fold,0.09759373285354533,0.005090482063146862,0.09779327398455545,0.09556875137326892,0.09981825546483185,0.0912141963735886,0.1035741870714818,0.09305221684584525,0.10193570773023528,256,finite empirical fold-resampling sensitivity interval; not population-level coverage
lightgbm,opbgb_two_sided_monotone,ece,4,temporal fold,0.006191531440183901,0.0015758419570217463,0.00605125785458755,0.005432958549117175,0.006809830745654275,0.0044333078643859,0.0082303021871746,0.0049090659645763,0.007614270501387851,256,finite empirical fold-resampling sensitivity interval; not population-level coverage
lightgbm,opbgb_two_sided_monotone,ici,4,temporal fold,0.0068800162753206995,0.0018839456492332888,0.0062779516450417495,0.006018806261951675,0.007139161658410775,0.0053378142057854,0.0096263476054139,0.00558088557335815,0.008781211607562199,256,finite empirical fold-resampling sensitivity interval; not population-level coverage
lightgbm,opbgb_two_sided_monotone,cal_intercept,4,temporal fold,-0.054471723725192545,0.379439044800206,-0.04266966451023915,-0.24227582128690195,0.14513443305147025,-0.518032404577984,0.3854848386976921,-0.372269895641139,0.25152438897580043,256,finite empirical fold-resampling sensitivity interval; not population-level coverage
lightgbm,opbgb_two_sided_monotone,cal_slope,4,temporal fold,0.9704137618161273,0.060124647452629104,0.9544513176791107,0.9373710947510632,0.9874939847441748,0.9170461049004625,1.0557063070058252,0.9289737146729198,1.0278162530963515,256,finite empirical fold-resampling sensitivity interval; not population-level coverage
lightgbm,opbgb_two_sided_monotone,oe_ratio,4,temporal fold,1.0214171369752545,0.18129315478737293,1.0572377625062428,0.9160927856465416,1.1625621138349558,0.7942035498436106,1.1769894730449215,0.8754630403788979,1.167371233571611,256,finite empirical fold-resampling sensitivity interval; not population-level coverage
lightgbm,opbgb_two_sided_unconstrained,brier,4,temporal fold,0.02400997366414775,0.0013603044930146988,0.024059274618321302,0.023410475406746803,0.02465877287572225,0.0223207850310994,0.025600560388849,0.022826799699494547,0.0251438466746274,256,finite empirical fold-resampling sensitivity interval; not population-level coverage
lightgbm,opbgb_two_sided_unconstrained,logloss,4,temporal fold,0.09774565050422118,0.0043043427543582,0.09777234639881721,0.09627790622357953,0.09924009067945885,0.0924519237466919,0.1029859854725584,0.09383680758045868,0.10162779753338765,256,finite empirical fold-resampling sensitivity interval; not population-level coverage
lightgbm,opbgb_two_sided_unconstrained,ece,4,temporal fold,0.006401167756385599,0.0026800683071551926,0.0056898220386609,0.0046480702268438005,0.007442919568202699,0.0041093902677833,0.0101156366804373,0.0044685102404903,0.0087936350636273,256,finite empirical fold-resampling sensitivity interval; not population-level coverage
lightgbm,opbgb_two_sided_unconstrained,ici,4,temporal fold,0.0067707819798600005,0.002755127661949761,0.0059044080631099,0.00497016957460715,0.0077050204683627495,0.0045994410053477,0.0106748707878725,0.004846593384854,0.00927958953199445,256,finite empirical fold-resampling sensitivity interval; not population-level coverage
lightgbm,opbgb_two_sided_unconstrained,cal_intercept,4,temporal fold,-0.19747330193213822,0.40536935198375496,-0.07189003225654535,-0.3495928005715927,0.08022946638290915,-0.765308481444863,0.1191953382294008,-0.5571711504751276,0.09321809033173971,256,finite empirical fold-resampling sensitivity interval; not population-level coverage
lightgbm,opbgb_two_sided_unconstrained,cal_slope,4,temporal fold,0.927766282772237,0.0780730542294719,0.9438464087080589,0.8912163693370078,0.9803963221432882,0.8238482907170213,0.9995240229558094,0.8613913235058779,0.9867722224141287,256,finite empirical fold-resampling sensitivity interval; not population-level coverage
lightgbm,opbgb_two_sided_unconstrained,oe_ratio,4,temporal fold,0.9824062421643913,0.14740614086244613,1.033060704267103,0.9292203222384037,1.0862466241930906,0.7744958843378416,1.0890076757855178,0.8522034816689515,1.0871669747238997,256,finite empirical fold-resampling sensitivity interval; not population-level coverage
lightgbm,platt,brier,4,temporal fold,0.0239982253778317,0.0013566179024604797,0.0240480111848894,0.023386441846021323,0.024659794716699775,0.0223166775181607,0.0255802016233873,0.022825756242238173,0.025120908706367524,256,finite empirical fold-resampling sensitivity interval; not population-level coverage
lightgbm,platt,logloss,4,temporal fold,0.09773857002159415,0.0043084654424965525,0.09759627394687914,0.09606246390271306,0.09927238006576025,0.0926221576624716,0.1031395745301467,0.09396244705792822,0.10165698905997508,256,finite empirical fold-resampling sensitivity interval; not population-level coverage
lightgbm,platt,ece,4,temporal fold,0.006172043292035474,0.0028095489087769294,0.0050431164070544,0.00452671410796845,0.006688445591121425,0.0042840646679163,0.0103178756861168,0.004445830961284401,0.008890306078250724,256,finite empirical fold-resampling sensitivity interval; not population-level coverage
lightgbm,platt,ici,4,temporal fold,0.0067786166715196996,0.002889017759388493,0.0054904901599974,0.005300174694173925,0.006968932137343175,0.005035126698516,0.011098359667568,0.0051744590973707245,0.009670900757190974,256,finite empirical fold-resampling sensitivity interval; not population-level coverage
lightgbm,platt,cal_intercept,4,temporal fold,-0.2108429513968589,0.4366966373892965,-0.0945566970001944,-0.40241898458199277,0.09701933618493948,-0.8055825053571282,0.1513240937700814,-0.5844574414370398,0.11512092204665346,256,finite empirical fold-resampling sensitivity interval; not population-level coverage
lightgbm,platt,cal_slope,4,temporal fold,0.9260955136383311,0.08651991579004623,0.939046561444146,0.8795791345231152,0.9855629405593619,0.8160526992135148,1.0102362324515175,0.8563741518922968,0.9937873711900804,256,finite empirical fold-resampling sensitivity interval; not population-level coverage
lightgbm,platt,oe_ratio,4,temporal fold,0.9810345996460375,0.15015250014071846,1.0309731589164222,0.9230058232637965,1.089001935298663,0.7712944831816219,1.0908975975696835,0.8505633743549639,1.0896338227223366,256,finite empirical fold-resampling sensitivity interval; not population-level coverage
lightgbm,raw,brier,4,temporal fold,0.09572383515859557,0.005775182597017762,0.0950982799560313,0.09094564682371126,0.09987646829091562,0.0906124830705192,0.1020862976518005,0.0908345922393139,0.10061307807787725,256,finite empirical fold-resampling sensitivity interval; not population-level coverage
lightgbm,raw,logloss,4,temporal fold,0.3305914082115905,0.014217039186348061,0.3292246022914044,0.3193500247379297,0.34046598576506515,0.3172953467610359,0.3466210815025176,0.3186651320789651,0.342517684344216,256,finite empirical fold-resampling sensitivity interval; not population-level coverage
lightgbm,raw,ece,4,temporal fold,0.21707692940065282,0.009027282230739507,0.21637592771756303,0.2104868522266182,0.22296600489159765,0.2079973969502724,0.2275584652172127,0.2096570338011696,0.224496825000136,256,finite empirical fold-resampling sensitivity interval; not population-level coverage
lightgbm,raw,ici,4,temporal fold,0.2170818535236672,0.009024442816727454,0.21637835433684993,0.2104915355792508,0.22296867228126635,0.2080091624626587,0.2275615429583102,0.20966407787372007,0.2244996291736143,256,finite empirical fold-resampling sensitivity interval; not population-level coverage
lightgbm,raw,cal_intercept,4,temporal fold,-2.9947959837086833,0.16851887780505864,-2.9782669494333085,-3.071068626238781,-2.9019943069032106,-3.211137909309368,-2.811512126658747,-3.1413921903948676,-2.8647288112978737,256,finite empirical fold-resampling sensitivity interval; not population-level coverage
lightgbm,raw,cal_slope,4,temporal fold,1.1374873272273955,0.05412401540106626,1.15709690468602,1.1225818453012948,1.172002386612121,1.0591748142736848,1.1765806852638576,1.087000182470649,1.1735284861626998,256,finite empirical fold-resampling sensitivity interval; not population-level coverage
lightgbm,raw,oe_ratio,4,temporal fold,0.14338711325809858,0.018176578105860146,0.14567817303914382,0.13863014474907542,0.15043514154816695,0.119077821146602,0.1631142858075047,0.12586055589204842,0.1586226108431035,256,finite empirical fold-resampling sensitivity interval; not population-level coverage
logistic,beta,brier,4,temporal fold,0.03208214915944898,0.0014773720144542308,0.03200806200832035,0.031107297570707574,0.03298291359706175,0.0304887466362475,0.0338237259849077,0.030901113925887548,0.0332631843930104,256,finite empirical fold-resampling sensitivity interval; not population-level coverage
logistic,beta,logloss,4,temporal fold,0.134498741482249,0.010458934836650995,0.1315862322932915,0.12728534235287775,0.13879963142266272,0.1259063107781614,0.1489161905642516,0.12682566516130564,0.14362339780930117,256,finite empirical fold-resampling sensitivity interval; not population-level coverage
logistic,beta,ece,4,temporal fold,0.0093037545687162,0.0038816522322144176,0.00833534786955635,0.00652796875873695,0.0111111336795356,0.0060252508991433,0.0145190716366088,0.0063603961388724005,0.012563189072106976,256,finite empirical fold-resampling sensitivity interval; not population-level coverage
logistic,beta,ici,4,temporal fold,0.010717617831488148,0.0037156735051332083,0.009755384697173249,0.0078543451360842,0.0126186573925772,0.0077604616551678,0.0155992402764383,0.0078230506424454,0.013670840114759476,256,finite empirical fold-resampling sensitivity interval; not population-level coverage
logistic,beta,cal_intercept,4,temporal fold,-0.35516463466818504,1.2136326469126482,3.541045729929873e-05,-0.5445855068526342,0.18945628264174838,-2.1091098160431647,0.688380456455826,-1.576045305856443,0.5105159913945885,256,finite empirical fold-resampling sensitivity interval; not population-level coverage
logistic,beta,cal_slope,4,temporal fold,0.9055064684764129,0.36470433826246773,0.981588121591664,0.8065642383010365,1.0805303517670406,0.3976399935602784,1.2612096371620458,0.5533059759957185,1.1816253078418566,256,finite empirical fold-resampling sensitivity interval; not population-level coverage
logistic,beta,oe_ratio,4,temporal fold,0.9476575298715972,0.18999584785778953,0.993463555470632,0.8991830410270596,1.0419380443151696,0.6793425502816635,1.1243604582634614,0.763122889294349,1.0863861448498107,256,finite empirical fold-resampling sensitivity interval; not population-level coverage
logistic,bgb,brier,4,temporal fold,0.03153701670412873,0.0011552766073331072,0.0313031319904687,0.030817244528441673,0.03202290416615575,0.0304434770396492,0.0330983257959283,0.03069265536551085,0.03255920276978935,256,finite empirical fold-resampling sensitivity interval; not population-level coverage
logistic,bgb,logloss,4,temporal fold,0.1269621756023275,0.00436868594792525,0.12624896470204464,0.1242824218820806,0.12892871842229153,0.1226135733283126,0.1327371996769081,0.1237261390308246,0.13076257594101523,256,finite empirical fold-resampling sensitivity interval; not population-level coverage
logistic,bgb,ece,4,temporal fold,0.00779014852565025,0.00416052805791243,0.00699765797361275,0.00571755762615095,0.00907024887311205,0.0036469603461182,0.0135183178092573,0.004632110066521225,0.011740677536816777,256,finite empirical fold-resampling sensitivity interval; not population-level coverage
logistic,bgb,ici,4,temporal fold,0.008948252738845575,0.0037293389245742965,0.00772347910528505,0.0068649726887011,0.009806759155429525,0.0059846479205905,0.0143614048242217,0.006560621923567574,0.0125606571876841,256,finite empirical fold-resampling sensitivity interval; not population-level coverage
logistic,bgb,cal_intercept,4,temporal fold,-0.140681829526479,0.7091676303133596,0.03721265689198605,-0.2975479017827794,0.19407872914828644,-1.1483152376983787,0.5111626058084905,-0.8391404023750628,0.37988225690363964,256,finite empirical fold-resampling sensitivity interval; not population-level coverage
logistic,bgb,cal_slope,4,temporal fold,0.9716959937024967,0.19814414059052896,0.9901734056210083,0.9115766271676281,1.050292772155877,0.7122600666109081,1.194177096957062,0.7847778825970515,1.14013669288943,256,finite empirical fold-resampling sensitivity interval; not population-level coverage
logistic,bgb,oe_ratio,4,temporal fold,0.960913187283741,0.18881228159283286,1.0060219128154788,0.9111395647604903,1.0557955353387294,0.6946966714613744,1.1369122520426318,0.7782116610387213,1.0985059879970227,256,finite empirical fold-resampling sensitivity interval; not population-level coverage
logistic,isotonic,brier,4,temporal fold,0.03178233305954495,0.001161048704872899,0.03164380786928695,0.03105225333312575,0.03237388759570615,0.0305811304242944,0.0332605860753115,0.0308952123635153,0.03274776313216768,256,finite empirical fold-resampling sensitivity interval; not population-level coverage
logistic,isotonic,logloss,4,temporal fold,0.12846453844204425,0.003320013988892501,0.127248587940689,0.12667591332271455,0.1290372130600187,0.1260126482731635,0.1333483296136355,0.1264095297570759,0.13173549762836786,256,finite empirical fold-resampling sensitivity interval; not population-level coverage
logistic,isotonic,ece,4,temporal fold,0.007759081439028875,0.005085644961295883,0.00675957935205945,0.0056241629299401,0.008894497861148225,0.0026945563970277,0.0148226106549689,0.0037505323635727747,0.0127671326014544,256,finite empirical fold-resampling sensitivity interval; not population-level coverage
logistic,isotonic,ici,4,temporal fold,0.00962444636609565,0.003930057931836964,0.008120548669728899,0.007607403150599875,0.010137591885224674,0.0068176398385135,0.0154390482864113,0.007205839816759076,0.013546950611798975,256,finite empirical fold-resampling sensitivity interval; not population-level coverage
logistic,isotonic,cal_intercept,4,temporal fold,-0.2869313998525409,0.7636568129928962,-0.0640385127478685,-0.4329393621570625,0.08196944955665308,-1.3889557848824887,0.369307210968062,-1.045169289723654,0.24841360291389974,256,finite empirical fold-resampling sensitivity interval; not population-level coverage
logistic,isotonic,cal_slope,4,temporal fold,0.9225170001152603,0.21369566166068238,0.952911702090727,0.864619686343578,1.0108090158624092,0.6342093463853232,1.1500352498942634,0.7167570775852735,1.09788222066978,256,finite empirical fold-resampling sensitivity interval; not population-level coverage
logistic,isotonic,oe_ratio,4,temporal fold,0.9487559077786292,0.19408549164260205,0.9937650046552579,0.9090496041681478,1.0334713082657392,0.6748187424549557,1.132674879349045,0.7562149196507093,1.09628779902992,256,finite empirical fold-resampling sensitivity interval; not population-level coverage
logistic,nested_selected,brier,4,temporal fold,0.0314079962287079,0.0011703475666647116,0.03104583285661,0.030768881739377828,0.03168494734594007,0.0304419934056833,0.0330983257959283,0.030634950353248473,0.03254320547626523,256,finite empirical fold-resampling sensitivity interval; not population-level coverage
logistic,nested_selected,logloss,4,temporal fold,0.12686286495685312,0.004359073705192483,0.126115432196405,0.12442087001863802,0.1285574271346201,0.1224833957576944,0.1327371996769081,0.12365358922340183,0.13081957345075257,256,finite empirical fold-resampling sensitivity interval; not population-level coverage
logistic,nested_selected,ece,4,temporal fold,0.007859190763552674,0.004097779097818861,0.0073045649088622,0.00569045552428915,0.009473300148125726,0.003538551938671,0.0132890812978153,0.00470425722856055,0.011568750153235276,256,finite empirical fold-resampling sensitivity interval; not population-level coverage
logistic,nested_selected,ici,4,temporal fold,0.009095277989797776,0.0036608925861069536,0.0081767988230568,0.0065208223197269505,0.010751254493127626,0.0059846479205905,0.014042866392487,0.0063420975200148,0.012207036574225026,256,finite empirical fold-resampling sensitivity interval; not population-level coverage
logistic,nested_selected,cal_intercept,4,temporal fold,-0.2155705817233929,0.61357847437165,0.0231461803472381,-0.312190494347505,0.11976609297135019,-1.1224867486887933,0.2139120611007454,-0.8197690356178737,0.15114808234781524,256,finite empirical fold-resampling sensitivity interval; not population-level coverage
logistic,nested_selected,cal_slope,4,temporal fold,0.9426493599825095,0.16331305048020225,0.9686994093983422,0.8995938430153408,1.011754926365511,0.7202253577309145,1.1129732634024396,0.7846728884698195,1.074575782079367,256,finite empirical fold-resampling sensitivity interval; not population-level coverage
logistic,nested_selected,oe_ratio,4,temporal fold,0.9638382247871192,0.19137814664104336,1.0100643469273036,0.8940891331570872,1.0798134385573355,0.6983119532512378,1.1369122520426318,0.7889290901206543,1.0988463763857677,256,finite empirical fold-resampling sensitivity interval; not population-level coverage
logistic,opbgb_symmetric,brier,4,temporal fold,0.030990746905341402,0.0020459508189809936,0.0309916278162849,0.02994101238136355,0.03204136234026275,0.02855414366684,0.0334255883219558,0.029310596170054604,0.0326700167296847,256,finite empirical fold-resampling sensitivity interval; not population-level coverage
logistic,opbgb_symmetric,logloss,4,temporal fold,0.1259270948533405,0.007097081269435083,0.12654464867043985,0.12288855212348063,0.12958319140029972,0.1168168352748855,0.1338022467975968,0.11965683635646429,0.13157979953311735,256,finite empirical fold-resampling sensitivity interval; not population-level coverage
logistic,opbgb_symmetric,ece,4,temporal fold,0.008320658266832275,0.003041541036301847,0.00875334619853035,0.006912130411297,0.010161874054065625,0.0043483991466436,0.0114275415236248,0.005696295584369175,0.01058376321058535,256,finite empirical fold-resampling sensitivity interval; not population-level coverage
logistic,opbgb_symmetric,ici,4,temporal fold,0.009786411932177625,0.0025328415979512567,0.010138233858059901,0.008539659301191575,0.01138498648904595,0.0065153509571108,0.0123538290554799,0.007652022959558425,0.0117079340111906,256,finite empirical fold-resampling sensitivity interval; not population-level coverage
logistic,opbgb_symmetric,cal_intercept,4,temporal fold,0.015610873983568925,0.5831700092501563,0.0783834113565097,-0.1743588838119453,0.268353169152024,-0.7533344405533405,0.6590111137745969,-0.5304673668455472,0.49891657743974427,256,finite empirical fold-resampling sensitivity interval; not population-level coverage
logistic,opbgb_symmetric,cal_slope,4,temporal fold,1.0260028488764459,0.1699372220527851,1.0038304161415863,0.9531163056934294,1.0767169593246027,0.8428962511252218,1.2534543120973891,0.8866233154440015,1.1875548150437498,256,finite empirical fold-resampling sensitivity interval; not population-level coverage
logistic,opbgb_symmetric,oe_ratio,4,temporal fold,0.9706332255918495,0.17786331733960034,0.9995540494070454,0.9137773783618122,1.0564098966370827,0.7291252082744507,1.1542995952788566,0.8027889054782943,1.109556721890209,256,finite empirical fold-resampling sensitivity interval; not population-level coverage
logistic,opbgb_symmetric_monotone,brier,4,temporal fold,0.0320775702433287,0.0021917679542856235,0.03127927896393255,0.031004926893481624,0.032351922313779626,0.0304419934056833,0.0353097296397664,0.030672991688875148,0.0342804400771784,256,finite empirical fold-resampling sensitivity interval; not population-level coverage
logistic,opbgb_symmetric_monotone,logloss,4,temporal fold,0.13091060762317114,0.010545282568710321,0.12668268506067198,0.12475134291111686,0.1328419497727263,0.1238052873276097,0.1464717730437309,0.1244359910499478,0.14112050347586966,256,finite empirical fold-resampling sensitivity interval; not population-level coverage
logistic,opbgb_symmetric_monotone,ece,4,temporal fold,0.008564793563753975,0.004207515230751825,0.0085278576948747,0.006562611693827726,0.01053003956480095,0.003538551938671,0.0136649069265955,0.0050251848983872745,0.01214133809799995,256,finite empirical fold-resampling sensitivity interval; not population-level coverage
logistic,opbgb_symmetric_monotone,ici,4,temporal fold,0.0144528509914108,0.007804355156238576,0.012995810405087151,0.010287889551715926,0.017160771844782027,0.0066995471194391,0.0251202360360298,0.00865156461817085,0.0217111779509744,256,finite empirical fold-resampling sensitivity interval; not population-level coverage
logistic,opbgb_symmetric_monotone,cal_intercept,4,temporal fold,1.0235624241202506,2.7566423974793732,0.12022909569933665,-0.330079036704422,1.4738705565240093,-1.1940409181164613,5.04783242319879,-0.8248932050125755,3.7753513816739908,256,finite empirical fold-resampling sensitivity interval; not population-level coverage
logistic,opbgb_symmetric_monotone,cal_slope,4,temporal fold,1.3379891351086703,0.8310359801581882,1.0503741302407297,0.8938007704608653,1.4945624948885348,0.6970530675130123,2.55415521244021,0.8081310312275867,2.155462243857695,256,finite empirical fold-resampling sensitivity interval; not population-level coverage
logistic,opbgb_symmetric_monotone,oe_ratio,4,temporal fold,0.9612200061194962,0.19299215403115538,1.0096675457083253,0.892017037244469,1.0788705145833526,0.6924043769146344,1.1331405561466998,0.7844984078682017,1.0969605284378017,256,finite empirical fold-resampling sensitivity interval; not population-level coverage
logistic,opbgb_two_sided_monotone,brier,4,temporal fold,0.031652037393936024,0.0016343759288583802,0.03104583285661,0.03077269470010795,0.03192517555043808,0.0304572452486038,0.0340592386139203,0.03064638923543885,0.033263890089759225,256,finite empirical fold-resampling sensitivity interval; not population-level coverage
logistic,opbgb_two_sided_monotone,logloss,4,temporal fold,0.12787023621952992,0.00629846983929006,0.12606272443370944,0.1243418083745947,0.12959115227864468,0.1224833957576944,0.1368721002530064,0.12365358922340183,0.13389439500147848,256,finite empirical fold-resampling sensitivity interval; not population-level coverage
logistic,opbgb_two_sided_monotone,ece,4,temporal fold,0.0089664997741063,0.0036929873980971204,0.0090782541999784,0.007256132173335175,0.010788621800749524,0.0044204093986531,0.0132890812978153,0.005804090874421725,0.012017154247918776,256,finite empirical fold-resampling sensitivity interval; not population-level coverage
logistic,opbgb_two_sided_monotone,ici,4,temporal fold,0.010697856768077201,0.002914989345446793,0.01074984269510545,0.0090527567174086,0.01239494274577405,0.0072488752896109,0.014042866392487,0.008398065183092274,0.012945662426033877,256,finite empirical fold-resampling sensitivity interval; not population-level coverage
logistic,opbgb_two_sided_monotone,cal_intercept,4,temporal fold,-0.01606261001387707,0.8267738729452428,0.0973788293986568,-0.29498748889977217,0.3763037082845519,-1.1224867486887933,0.8634786498359713,-0.7883870462414087,0.6428203868011205,256,finite empirical fold-resampling sensitivity interval; not population-level coverage
logistic,opbgb_two_sided_monotone,cal_slope,4,temporal fold,0.9978802782136804,0.20764434095551573,1.0392818301357747,0.9042491370845611,1.1329129712648942,0.7202253577309145,1.1927320948522582,0.8184123341487957,1.1528526791273488,256,finite empirical fold-resampling sensitivity interval; not population-level coverage
logistic,opbgb_two_sided_monotone,oe_ratio,4,temporal fold,1.006747979474144,0.250988379062294,1.0125339210396294,0.8940891331570872,1.1251927673566862,0.6983119532512378,1.30361212256608,0.7901638771768171,1.217546140205986,256,finite empirical fold-resampling sensitivity interval; not population-level coverage
logistic,opbgb_two_sided_unconstrained,brier,4,temporal fold,0.031164264311947524,0.0017305589723159002,0.03104034427531685,0.03011695780181685,0.03208765078544753,0.0292762453424163,0.0333001233547401,0.02983672031535,0.032574391338126,256,finite empirical fold-resampling sensitivity interval; not population-level coverage
logistic,opbgb_two_sided_unconstrained,logloss,4,temporal fold,0.1260097953673647,0.006509902791930082,0.12641415360063005,0.12309488394070722,0.12932906502728753,0.1178068292963927,0.133404044971806,0.1203478065670732,0.13126742593439086,256,finite empirical fold-resampling sensitivity interval; not population-level coverage
logistic,opbgb_two_sided_unconstrained,ece,4,temporal fold,0.008136661117855175,0.003335412732179844,0.00829304839127365,0.0068060376975302,0.009623671811598625,0.003935851225439,0.0120246964634344,0.005157720984325924,0.01095921397796595,256,finite empirical fold-resampling sensitivity interval; not population-level coverage
logistic,opbgb_two_sided_unconstrained,ici,4,temporal fold,0.009414504420495726,0.002723527895293513,0.00932187939297665,0.008152464597843325,0.01058391921562905,0.0062154841810834,0.0127987747149462,0.00712302164811005,0.011798612220400476,256,finite empirical fold-resampling sensitivity interval; not population-level coverage
logistic,opbgb_two_sided_unconstrained,cal_intercept,4,temporal fold,-0.045869327291011446,0.5984724414790522,0.07625990912090486,-0.21315680533455136,0.24354738716444477,-0.8770708775517981,0.5410737501459426,-0.6217101749545288,0.4078422839605897,256,finite empirical fold-resampling sensitivity interval; not population-level coverage
logistic,opbgb_two_sided_unconstrained,cal_slope,4,temporal fold,1.0037002522698717,0.1669935913363869,1.0009296804188204,0.9440931944900272,1.060536738198665,0.8022065151668404,1.2107351330750058,0.8542725380184347,1.1558985383723601,256,finite empirical fold-resampling sensitivity interval; not population-level coverage
logistic,opbgb_two_sided_unconstrained,oe_ratio,4,temporal fold,0.9697083750209041,0.18286550284599085,1.0020345162054842,0.9171021203061407,1.0546407709202474,0.7189486555382893,1.1558158121343585,0.7944404309492696,1.1126501779079583,256,finite empirical fold-resampling sensitivity interval; not population-level coverage
logistic,platt,brier,4,temporal fold,0.03281949887889528,0.0025227419294413496,0.03236452440745715,0.030868306012599125,0.0343157172737533,0.0305998888169096,0.0359490578837572,0.030778833614035953,0.034860164143754604,256,finite empirical fold-resampling sensitivity interval; not population-level coverage
logistic,platt,logloss,4,temporal fold,0.1509295808491619,0.033935103190023796,0.13899820914920585,0.12711326696472364,0.1628145230336441,0.1267456131253097,0.1989762919729262,0.126990715684919,0.18104117354082674,256,finite empirical fold-resampling sensitivity interval; not population-level coverage
logistic,platt,ece,4,temporal fold,0.0111069828118802,0.003977089011714573,0.01078900538417215,0.00958695845157335,0.012309029744479,0.0065789427176981,0.0162709777614784,0.007681302139643374,0.014850640911825076,256,finite empirical fold-resampling sensitivity interval; not population-level coverage
logistic,platt,ici,4,temporal fold,0.013773287129382675,0.004027990710020829,0.0141567555630442,0.0109267484903609,0.017003294202065974,0.0092855851702241,0.0174940522212182,0.010379694050315299,0.01716688020845005,256,finite empirical fold-resampling sensitivity interval; not population-level coverage
logistic,platt,cal_intercept,4,temporal fold,-0.7109070699281784,1.5889304671887219,-0.4331142327499931,-1.3637876191055731,0.2197663164274016,-2.8438155782347656,0.866415764022038,-2.1318075585354435,0.4353161322922804,256,finite empirical fold-resampling sensitivity interval; not population-level coverage
logistic,platt,cal_slope,4,temporal fold,0.7934905015006795,0.47487797082855876,0.84439381426191,0.5543333012774732,1.0835510144851161,0.1907083302648204,1.2944660472140777,0.3963427485924809,1.15385602539477,256,finite empirical fold-resampling sensitivity interval; not population-level coverage
logistic,platt,oe_ratio,4,temporal fold,0.958592844816575,0.20899557559766793,1.0010540884406334,0.8966454701071311,1.0630014631500775,0.6689473911836435,1.1633158112013902,0.759101380170976,1.115623065838116,256,finite empirical fold-resampling sensitivity interval; not population-level coverage
logistic,raw,brier,4,temporal fold,0.20542526039214226,0.012271294394276057,0.20707931440616675,0.19985557806874904,0.21264899672955997,0.189403927181109,0.2181384855751266,0.19475773716442452,0.21447882634474885,256,finite empirical fold-resampling sensitivity interval; not population-level coverage
logistic,raw,logloss,4,temporal fold,0.6430089681949391,0.06023769722151545,0.6221270429073622,0.6036751840911623,0.6614608270111391,0.5983747101607654,0.7294070768042669,0.6019083594476966,0.6984158097868571,256,finite empirical fold-resampling sensitivity interval; not population-level coverage
logistic,raw,ece,4,temporal fold,0.3884799509312271,0.017829203548253868,0.3937034690043776,0.3838976692019106,0.398285750733694,0.3629002771532347,0.4036125885629185,0.3713027423959142,0.4004336413933895,256,finite empirical fold-resampling sensitivity interval; not population-level coverage
logistic,raw,ici,4,temporal fold,0.3884799510254786,0.017829203654915814,0.39370346900437747,0.3838976692019106,0.3982857508279455,0.3629002771532348,0.4036125889399246,0.3713027423959142,0.40043364167614404,256,finite empirical fold-resampling sensitivity interval; not population-level coverage
logistic,raw,cal_intercept,4,temporal fold,-3.450881762244367,0.1784743473250122,-3.4910146783242686,-3.532546564875034,-3.409349875693602,-3.621502747227375,-3.1999949451015555,-3.5859107735599354,-3.2757198348488963,256,finite empirical fold-resampling sensitivity interval; not population-level coverage
logistic,raw,cal_slope,4,temporal fold,0.6803401911571757,0.4271340200516191,0.7391306389245074,0.3964907791549013,1.022980050926782,0.1819568921528532,1.061142594626835,0.3249794834875519,1.0357008988267995,256,finite empirical fold-resampling sensitivity interval; not population-level coverage
logistic,raw,oe_ratio,4,temporal fold,0.08548622618475132,0.01001291435625655,0.08767349348097475,0.08105201809677415,0.09210770156895193,0.0719919256118863,0.0946059921651695,0.07681267871813457,0.09294046510102445,256,finite empirical fold-resampling sensitivity interval; not population-level coverage
xgboost,beta,brier,4,temporal fold,0.023514880096844725,0.0010844083010116887,0.02362477347175025,0.023071080958209277,0.0240685726103857,0.0221065858530983,0.0247033875907801,0.022544181294053948,0.024375685524729972,256,finite empirical fold-resampling sensitivity interval; not population-level coverage
xgboost,beta,logloss,4,temporal fold,0.09648737391769863,0.00365142853905581,0.09690063204878245,0.0953659104629121,0.09802209550356897,0.0916503046855644,0.1004979268876652,0.09303693310805752,0.09952455659625592,256,finite empirical fold-resampling sensitivity interval; not population-level coverage
xgboost,beta,ece,4,temporal fold,0.005410501221030474,0.002987655907770598,0.00424265627697,0.0036086030783931498,0.006044554419607325,0.0033600246147467,0.0097966677154352,0.003525743590511,0.008270366428145225,256,finite empirical fold-resampling sensitivity interval; not population-level coverage
xgboost,beta,ici,4,temporal fold,0.006132060585951125,0.0031138905803963887,0.0048483846243733,0.0042912807453165756,0.00668916446500785,0.0040982033549673,0.0107332697400906,0.00422692161520015,0.009138862273926199,256,finite empirical fold-resampling sensitivity interval; not population-level coverage
xgboost,beta,cal_intercept,4,temporal fold,-0.1849482678048265,0.39934164699881214,-0.05629020903854445,-0.34212022541231524,0.10088174856894427,-0.7410932529838403,0.1138805998416231,-0.5316827402017008,0.10521469899317057,256,finite empirical fold-resampling sensitivity interval; not population-level coverage
xgboost,beta,cal_slope,4,temporal fold,0.9312516417592561,0.0744600666125787,0.9434616470229167,0.8886185830762217,0.9860947057059511,0.8379356870371417,1.0001475859540492,0.8717242843965284,0.9907789991219839,256,finite empirical fold-resampling sensitivity interval; not population-level coverage
xgboost,beta,oe_ratio,4,temporal fold,0.9887109014073066,0.15087825523752157,1.0409429556413183,0.9530234849436403,1.0766303721049846,0.7692068518212727,1.103750842525317,0.8438026926905062,1.085670528911762,256,finite empirical fold-resampling sensitivity interval; not population-level coverage
xgboost,bgb,brier,4,temporal fold,0.023552342860326474,0.0010682148805141317,0.0236706120190644,0.023084042127702924,0.02413891275168795,0.0221673090242932,0.0247008383788839,0.022613382820542226,0.0243730337413728,256,finite empirical fold-resampling sensitivity interval; not population-level coverage
xgboost,bgb,logloss,4,temporal fold,0.09659427019309227,0.0036433968501841606,0.09708174948607465,0.09537270631304888,0.09830331336611806,0.0917258348239365,0.1004877469762833,0.09318816832530144,0.0995128927679007,256,finite empirical fold-resampling sensitivity interval; not population-level coverage
xgboost,bgb,ece,4,temporal fold,0.005377653659575651,0.0029381523790253904,0.0042507103259434,0.0035736912529807,0.00605467273253835,0.0033340224485209,0.0096751715378949,0.0034938016514940995,0.008169773867038,256,finite empirical fold-resampling sensitivity interval; not population-level coverage
xgboost,bgb,ici,4,temporal fold,0.006198136170538825,0.0030444461748548144,0.005038245469850501,0.0043101097691740755,0.0069262718712152505,0.0040730725583812,0.0106429811840731,0.004231097365576451,0.00907951643124775,256,finite empirical fold-resampling sensitivity interval; not population-level coverage
xgboost,bgb,cal_intercept,4,temporal fold,-0.1783731477397114,0.40318890617919795,-0.0534123951218275,-0.3393900181625161,0.10760447530097719,-0.7383061454634302,0.1316383447482395,-0.5288313127262669,0.1156157651167313,256,finite empirical fold-resampling sensitivity interval; not population-level coverage
xgboost,bgb,cal_slope,4,temporal fold,0.9331388516748491,0.07494337089650427,0.9458677581784556,0.8897639866051953,0.9892426232481095,0.8394561951675241,1.0013636951749614,0.8729947227926382,0.9932829805570602,256,finite empirical fold-resampling sensitivity interval; not population-level coverage
xgboost,bgb,oe_ratio,4,temporal fold,0.9906852264982094,0.1521830901064647,1.0408054622138656,0.953245867513899,1.078244821198176,0.7702413852332269,1.1108885963318795,0.844521929629989,1.089126079576077,256,finite empirical fold-resampling sensitivity interval; not population-level coverage
xgboost,isotonic,brier,4,temporal fold,0.02369119572066785,0.001065932155015699,0.02380146992115635,0.023179291082128725,0.024313374559695473,0.0223299054808956,0.0248319375594631,0.0227825591672816,0.0244895580735656,256,finite empirical fold-resampling sensitivity interval; not population-level coverage
xgboost,isotonic,logloss,4,temporal fold,0.10192414507668748,0.005451321328598934,0.10405083038772545,0.10098015543154362,0.10499482003286933,0.0938784261333803,0.1057164933979188,0.09659738516116509,0.10523537782121915,256,finite empirical fold-resampling sensitivity interval; not population-level coverage
xgboost,isotonic,ece,4,temporal fold,0.0059014603004485,0.00308982096665787,0.004701997630892799,0.0041290323807592,0.0064744255505821,0.0037476721441732,0.0104541737958352,0.0040019123018972,0.0089046684617817,256,finite empirical fold-resampling sensitivity interval; not population-level coverage
xgboost,isotonic,ici,4,temporal fold,0.0068636288914686,0.0032887588188817,0.0057618987185704,0.0045399431964355,0.0080855844136035,0.0044471581974235,0.0114835599313101,0.0045090148634315,0.00975538783084245,256,finite empirical fold-resampling sensitivity interval; not population-level coverage
xgboost,isotonic,cal_intercept,4,temporal fold,-0.4365441604010641,0.36828997892379733,-0.410184265874181,-0.6591465791762291,-0.18758184709901607,-0.876286790812842,-0.0495213190430525,-0.7315266497217667,-0.14156167108036152,256,finite empirical fold-resampling sensitivity interval; not population-level coverage
xgboost,isotonic,cal_slope,4,temporal fold,0.834846358699348,0.07966423537298746,0.8179500713203163,0.7798080927462854,0.8729883372733789,0.7629066397761604,0.9405786523805988,0.774174275089577,0.9017944668861975,256,finite empirical fold-resampling sensitivity interval; not population-level coverage
xgboost,isotonic,oe_ratio,4,temporal fold,0.9906885815549473,0.15512558670690915,1.0428180335979365,0.9507287730896011,1.0827778420632825,0.7661439686902317,1.1109742903336848,0.8429527330109609,1.0921766581534165,256,finite empirical fold-resampling sensitivity interval; not population-level coverage
xgboost,nested_selected,brier,4,temporal fold,0.023428947271366827,0.0014352508343065786,0.0237240858840769,0.0229209111369595,0.024232122018484226,0.0214555174648813,0.0248120998524322,0.0221013371171197,0.024461418812903875,256,finite empirical fold-resampling sensitivity interval; not population-level coverage
xgboost,nested_selected,logloss,4,temporal fold,0.09628975117068711,0.004630564196370012,0.0969027981545181,0.0948129572642217,0.09837959206098353,0.090096051226278,0.1012573571474343,0.09192712267775015,0.10003933267979312,256,finite empirical fold-resampling sensitivity interval; not population-level coverage
xgboost,nested_selected,ece,4,temporal fold,0.0056711387233054755,0.002623364850872073,0.00597482118275155,0.0048768481560929,0.006769111749964125,0.0021897681795212,0.0085451443481976,0.003186601355612475,0.0078519936315524,256,finite empirical fold-resampling sensitivity interval; not population-level coverage
xgboost,nested_selected,ici,4,temporal fold,0.006270587052728925,0.0020120738447177914,0.00617114996589215,0.005507343500597525,0.00693439351802355,0.0039133316097905,0.0088267166693409,0.00451090349090565,0.008129707701388975,256,finite empirical fold-resampling sensitivity interval; not population-level coverage
xgboost,nested_selected,cal_intercept,4,temporal fold,-0.05985757819631758,0.39119252038680147,-0.05781966583733229,-0.2765134671120088,0.15883622307835893,-0.520925912063174,0.3971349309525682,-0.37084360393397486,0.24909053518235436,256,finite empirical fold-resampling sensitivity interval; not population-level coverage
xgboost,nested_selected,cal_slope,4,temporal fold,0.9702252956320085,0.058470225100307194,0.9512430906535381,0.9428750395241776,0.978593346761369,0.922839981883834,1.055575019337124,0.9303631837219047,1.0290696125205827,256,finite empirical fold-resampling sensitivity interval; not population-level coverage
xgboost,nested_selected,oe_ratio,4,temporal fold,1.0172968309524326,0.18013679558280943,1.0502905145063912,0.9139180434472152,1.1536693020116084,0.7909086847872019,1.1776976100097458,0.8729149238938774,1.1616787380109876,256,finite empirical fold-resampling sensitivity interval; not population-level coverage
xgboost,opbgb_symmetric,brier,4,temporal fold,0.0235224917944767,0.0012094607662515523,0.02361284346472535,0.023036650218590977,0.02409868504061107,0.0219731261305757,0.0248911541178804,0.0224384767683121,0.024516155150392648,256,finite empirical fold-resampling sensitivity interval; not population-level coverage
xgboost,opbgb_symmetric,logloss,4,temporal fold,0.0966469251222685,0.004151430096831546,0.0967838970146098,0.0952993713969426,0.0981314507399357,0.0914329731802689,0.1015869332795855,0.09281963569188144,0.10033724266031425,256,finite empirical fold-resampling sensitivity interval; not population-level coverage
xgboost,opbgb_symmetric,ece,4,temporal fold,0.0056294385276491,0.00267950608024308,0.00468452943864445,0.0043607441340394746,0.005953223832254075,0.0035776855846654,0.0095710096486421,0.0038700879951969,0.00833369814910595,256,finite empirical fold-resampling sensitivity interval; not population-level coverage
xgboost,opbgb_symmetric,ici,4,temporal fold,0.006493618234663175,0.0028502821020472,0.005656825772913749,0.0048199065185635746,0.0073305374890133505,0.0041010202088788,0.0105598011839464,0.00458027774866865,0.009184734710074426,256,finite empirical fold-resampling sensitivity interval; not population-level coverage
xgboost,opbgb_symmetric,cal_intercept,4,temporal fold,-0.16841201867300162,0.4272426960999334,-0.04900984820794815,-0.3468946384588149,0.1294727715778651,-0.7560063291998,0.1803779509236898,-0.5388786522842025,0.14644116469314,256,finite empirical fold-resampling sensitivity interval; not population-level coverage
xgboost,opbgb_symmetric,cal_slope,4,temporal fold,0.9372912668586889,0.08581728831476164,0.9438139192748204,0.8872542829466462,0.993850903186863,0.8334557628837501,1.0280814660013646,0.8693214429256808,1.0052610907916968,256,finite empirical fold-resampling sensitivity interval; not population-level coverage
xgboost,opbgb_symmetric,oe_ratio,4,temporal fold,0.9890988301563195,0.1504980437264703,1.0425584713113347,0.9523907166695926,1.0792665847980616,0.7701295519975773,1.101148826005031,0.8455902900971175,1.0865606652003847,256,finite empirical fold-resampling sensitivity interval; not population-level coverage
xgboost,opbgb_symmetric_monotone,brier,4,temporal fold,0.02343304871810955,0.0014458276442999545,0.023732285214998,0.02288257898603305,0.0242827549470745,0.02145552459001,0.0248120998524322,0.02211822010382965,0.0244592032488604,256,finite empirical fold-resampling sensitivity interval; not population-level coverage
xgboost,opbgb_symmetric_monotone,logloss,4,temporal fold,0.09641063127313447,0.004662788001874352,0.09714455220535675,0.09491316175794738,0.09864202172054384,0.0900960635343901,0.1012573571474343,0.092014608462021,0.10007273315202567,256,finite empirical fold-resampling sensitivity interval; not population-level coverage
xgboost,opbgb_symmetric_monotone,ece,4,temporal fold,0.0059975857113819,0.002202898350679328,0.006140219212172299,0.00536869507452125,0.0067691098490329496,0.0031647676767101,0.0085451367444729,0.00391785097850415,0.00793468694346925,256,finite empirical fold-resampling sensitivity interval; not population-level coverage
xgboost,opbgb_symmetric_monotone,ici,4,temporal fold,0.0064496875694270255,0.0021019263411270724,0.0065820182058412505,0.005481009055720175,0.0075506967195481,0.0038079938302811,0.0088267200357445,0.00463733427624815,0.008129710226191675,256,finite empirical fold-resampling sensitivity interval; not population-level coverage
xgboost,opbgb_symmetric_monotone,cal_intercept,4,temporal fold,-0.031046652410031433,0.41536508712125786,-0.036451649809043,-0.24446268880925393,0.17696438659017946,-0.5209308950218902,0.4696475849998504,-0.370847341153012,0.31415903373196064,256,finite empirical fold-resampling sensitivity interval; not population-level coverage
xgboost,opbgb_symmetric_monotone,cal_slope,4,temporal fold,0.9794185542500748,0.06749202994636899,0.9588517061668154,0.9454090669508115,0.9928611934660788,0.9228379000948944,1.0771329045717744,0.9333210808455492,1.0460828757378602,256,finite empirical fold-resampling sensitivity interval; not population-level coverage
xgboost,opbgb_symmetric_monotone,oe_ratio,4,temporal fold,1.020322174255131,0.17938902510549393,1.055641842901029,0.9219450233263824,1.1540189938297776,0.7909086339360433,1.1790963772824228,0.878266226862936,1.162378121647326,256,finite empirical fold-resampling sensitivity interval; not population-level coverage
xgboost,opbgb_two_sided_monotone,brier,4,temporal fold,0.023425673447995975,0.0014310529816891255,0.0237240858840769,0.0229209111369595,0.024228848195113374,0.0214555174648813,0.0247990045589488,0.0221013371171197,0.024451597342791325,256,finite empirical fold-resampling sensitivity interval; not population-level coverage
xgboost,opbgb_two_sided_monotone,logloss,4,temporal fold,0.09628232580106402,0.00461995474289976,0.0969027981545181,0.0948129572642217,0.09837216669136042,0.090096051226278,0.1012276556689419,0.09192712267775015,0.10001705657092383,256,finite empirical fold-resampling sensitivity interval; not population-level coverage
xgboost,opbgb_two_sided_monotone,ece,4,temporal fold,0.00563238214021905,0.002614528598622352,0.005897308016578701,0.0048768481560929,0.00665284200070485,0.0021897681795212,0.0085451443481976,0.00314784477252605,0.0078519936315524,256,finite empirical fold-resampling sensitivity interval; not population-level coverage
xgboost,opbgb_two_sided_monotone,ici,4,temporal fold,0.006286030634826625,0.0020099364678350514,0.00620203713008755,0.005553674246890625,0.00693439351802355,0.0039133316097905,0.0088267166693409,0.00451090349090565,0.008145151283486675,256,finite empirical fold-resampling sensitivity interval; not population-level coverage
xgboost,opbgb_two_sided_monotone,cal_intercept,4,temporal fold,-0.05903165641794379,0.39158783546551823,-0.056167822280584694,-0.2765134671120088,0.16131398841348032,-0.520925912063174,0.3971349309525682,-0.37001768215560105,0.24909053518235436,256,finite empirical fold-resampling sensitivity interval; not population-level coverage
xgboost,opbgb_two_sided_monotone,cal_slope,4,temporal fold,0.9704814216851131,0.05837138678385444,0.9517553427597472,0.9428750395241776,0.9793617249206825,0.922839981883834,1.055575019337124,0.9306193097750094,1.0290696125205827,256,finite empirical fold-resampling sensitivity interval; not population-level coverage
xgboost,opbgb_two_sided_monotone,oe_ratio,4,temporal fold,1.0174221168899766,0.18025596651509218,1.0505410863814792,0.9139180434472152,1.1540451598242405,0.7909086847872019,1.1776976100097458,0.8729149238938774,1.1619293098860757,256,finite empirical fold-resampling sensitivity interval; not population-level coverage
xgboost,opbgb_two_sided_unconstrained,brier,4,temporal fold,0.023505500604080347,0.0011827473030616347,0.023612861999920548,0.023044499405552674,0.024073863198448224,0.0219731261305757,0.0248231522859046,0.022435869640255797,0.0244677701720647,256,finite empirical fold-resampling sensitivity interval; not population-level coverage
xgboost,opbgb_two_sided_unconstrained,logloss,4,temporal fold,0.0964930108496667,0.003969225768214748,0.0967035301320282,0.09526573987373985,0.09793080110795505,0.0914329731802689,0.1011320099543415,0.0927906627583249,0.099984839658647,256,finite empirical fold-resampling sensitivity interval; not population-level coverage
xgboost,opbgb_two_sided_unconstrained,ece,4,temporal fold,0.0053597958206787755,0.0028161360811487894,0.0040744733830555,0.0038536411395416,0.005580628064192675,0.003719226867962,0.0095710096486421,0.0038088363823484,0.008152868710665276,256,finite empirical fold-resampling sensitivity interval; not population-level coverage
xgboost,opbgb_two_sided_unconstrained,ici,4,temporal fold,0.00636949084459325,0.002832705986101679,0.00524617428590745,0.0047966672175748,0.0068189979129259,0.0044258136226117,0.0105598011839464,0.0046730493525871004,0.009149922158600426,256,finite empirical fold-resampling sensitivity interval; not population-level coverage
xgboost,opbgb_two_sided_unconstrained,cal_intercept,4,temporal fold,-0.16274549603498073,0.4200003298144644,-0.022902844646277697,-0.3119803885495124,0.12633204786825397,-0.7560063291998,0.1508300343524325,-0.5374632338064681,0.13449804336298016,256,finite empirical fold-resampling sensitivity interval; not population-level coverage
xgboost,opbgb_two_sided_unconstrained,cal_slope,4,temporal fold,0.9387154506205372,0.08133554223999596,0.9517823904601792,0.8975279785522522,0.9929698625284642,0.8334557628837501,1.0178412586780403,0.8712616714491307,1.0012603279116563,256,finite empirical fold-resampling sensitivity interval; not population-level coverage
xgboost,opbgb_two_sided_unconstrained,oe_ratio,4,temporal fold,0.989385031409484,0.1506318872104302,1.04293204532021,0.9529802940369458,1.079336782692748,0.7701295519975773,1.1015464829999386,0.8455805513124375,1.0867400161284784,256,finite empirical fold-resampling sensitivity interval; not population-level coverage
xgboost,platt,brier,4,temporal fold,0.023519176841312474,0.0012282787793906564,0.0236246598098124,0.023032428964742377,0.0241114076863825,0.0219339501016742,0.0248934376439509,0.022413145334720577,0.024519725379404448,256,finite empirical fold-resampling sensitivity interval; not population-level coverage
xgboost,platt,logloss,4,temporal fold,0.09679364818962145,0.004047101425820993,0.09689870231569331,0.09544850288014663,0.09824384762516812,0.0917387618368115,0.1016384262902877,0.09308215172847403,0.10040009052469702,256,finite empirical fold-resampling sensitivity interval; not population-level coverage
xgboost,platt,ece,4,temporal fold,0.005534084815775875,0.002307012763836309,0.00475247026964635,0.004458056874905225,0.005828498210516999,0.0037158127558004,0.0089155859680104,0.0039867268063551,0.007863057371326174,256,finite empirical fold-resampling sensitivity interval; not population-level coverage
xgboost,platt,ici,4,temporal fold,0.0063093732855036755,0.0023598612002842505,0.0057744942022847,0.0049635641735425754,0.0071203033142458,0.0041045382537793,0.009583966483666,0.004653174254777575,0.008500451399448751,256,finite empirical fold-resampling sensitivity interval; not population-level coverage
xgboost,platt,cal_intercept,4,temporal fold,-0.20623891481445508,0.4951631278367536,-0.04995592495725655,-0.39117554442535574,0.1349807046536441,-0.900621947061401,0.1755781377180938,-0.6451044035546771,0.148513182341794,256,finite empirical fold-resampling sensitivity interval; not population-level coverage
xgboost,platt,cal_slope,4,temporal fold,0.9270740244271491,0.10264145690835658,0.9433252869569853,0.8753734235279854,0.9950258878561489,0.7941927007858083,1.0274528230088176,0.8416987529573378,1.0058348662403718,256,finite empirical fold-resampling sensitivity interval; not population-level coverage
xgboost,platt,oe_ratio,4,temporal fold,0.9906335683528475,0.14833295245758613,1.041576002663232,0.9539866124069334,1.078222958609146,0.775287856486887,1.1040944115980391,0.8488656776017107,1.0868467762721103,256,finite empirical fold-resampling sensitivity interval; not population-level coverage
xgboost,raw,brier,4,temporal fold,0.023435737218613226,0.001397340759066152,0.0236904058040063,0.02290930796484095,0.024216835057778576,0.0215397984153902,0.0248223388510501,0.022158598926548,0.024458206925285376,256,finite empirical fold-resampling sensitivity interval; not population-level coverage
xgboost,raw,logloss,4,temporal fold,0.09733037853008619,0.00423022972629173,0.09798383623750975,0.09527396887347497,0.10004024589412097,0.0918235162636927,0.1015303253816326,0.0937535253806738,0.10053693905662485,256,finite empirical fold-resampling sensitivity interval; not population-level coverage
xgboost,raw,ece,4,temporal fold,0.008667633927757826,0.005396059718451615,0.00905659810742535,0.0047347017569880495,0.012989530278195126,0.0028191538989602,0.0137381855972204,0.0040961858043121,0.013239082051203551,256,finite empirical fold-resampling sensitivity interval; not population-level coverage
xgboost,raw,ici,4,temporal fold,0.009152809050195875,0.004785767508115363,0.00932811212393835,0.005521094928357325,0.0129598262457769,0.0041815874435809,0.0137734245093259,0.0050745924334318505,0.013231025666959901,256,finite empirical fold-resampling sensitivity interval; not population-level coverage
xgboost,raw,cal_intercept,4,temporal fold,-0.15750695594909153,0.3861737743956322,-0.0594783454064159,-0.32842858813865083,0.11144328678314343,-0.6817007711624745,0.1706296381789402,-0.48834695262571975,0.13117207058174235,256,finite empirical fold-resampling sensitivity interval; not population-level coverage
xgboost,raw,cal_slope,4,temporal fold,1.0257513450686302,0.06236051183194701,1.0279278887977232,1.0055891364878184,1.048090097378535,0.94731681611701,1.0998327865620643,0.9681982456670972,1.0811279007410703,256,finite empirical fold-resampling sensitivity interval; not population-level coverage
xgboost,raw,oe_ratio,4,temporal fold,0.8790286166012782,0.18199425758768414,0.8817645269181446,0.7409692513635932,1.0198238921558296,0.6912641400354403,1.0613212725333836,0.7244008809208755,1.0336563522816808,256,finite empirical fold-resampling sensitivity interval; not population-level coverage
