dataset,model,metric,n_units,unit,mean,sd,median,q1,q3,min,max,resampling_interval_low,resampling_interval_high,resamples_enumerated,interval_interpretation
Sparkov,lightgbm,pr_auc,6,temporal fold,0.9727630871784735,0.009386674431645781,0.9772462476532535,0.9656697547772666,0.9793649474885185,0.959522261167459,0.9806816620113309,0.9659385330980262,0.9791551043868826,46656,finite empirical fold-resampling sensitivity interval; not population-level coverage
Sparkov,lightgbm,roc_auc,6,temporal fold,0.9995121507650593,0.0003501741845467006,0.9996947146996454,0.9994113692251871,0.9997015414286494,0.9988799878721506,0.9997827495802281,0.9992271373164971,0.99972652894124,46656,finite empirical fold-resampling sensitivity interval; not population-level coverage
Sparkov,lightgbm,brier,6,temporal fold,0.0004136194719150167,0.00010376695361099987,0.00043795176576940005,0.00036871264190485,0.00046778132178880005,0.00024326014189809999,0.0005391957169746,0.0003337588339596416,0.0004829288788396084,46656,finite empirical fold-resampling sensitivity interval; not population-level coverage
Sparkov,lightgbm,logloss,6,temporal fold,0.0017577600070416168,0.00042216287802634826,0.001867171879124375,0.0015660715709574,0.00206320170802075,0.0010517590893412499,0.00216620740877175,0.0014288864359341,0.0020404676337579413,46656,finite empirical fold-resampling sensitivity interval; not population-level coverage
Sparkov,lightgbm,precision_0.005,6,temporal fold,0.7771402399735408,0.22510982876370905,0.8463023463023462,0.7287215691285458,0.9175500931966449,0.36246418338108877,0.9769452449567724,0.5956588811173338,0.9156993886572541,46656,finite empirical fold-resampling sensitivity interval; not population-level coverage
Sparkov,lightgbm,recall_0.005,6,temporal fold,0.9500833948644477,0.036604621724910545,0.9542431407874489,0.9459513010811801,0.9758265620622023,0.8828125,0.9829931972789115,0.9205231086539158,0.9727722942170236,46656,finite empirical fold-resampling sensitivity interval; not population-level coverage
Sparkov,lightgbm,value_capture_0.005,6,temporal fold,0.9800499358583427,0.020277580670600828,0.9865719929460346,0.9698662230731605,0.9947882485323821,0.9466061439880983,0.9987248517598556,0.9642579795595256,0.9935230158744561,46656,finite empirical fold-resampling sensitivity interval; not population-level coverage
Sparkov,lightgbm,value_capture_0.01,6,temporal fold,0.9972303316455552,0.002505504077196478,0.9976715314564234,0.9949908095982591,0.9993185164083166,0.9942613008451513,0.9998128790775146,0.995398044382242,0.9989735533537262,46656,finite empirical fold-resampling sensitivity interval; not population-level coverage
Sparkov,logistic,pr_auc,6,temporal fold,0.31801463560588444,0.09549856475437836,0.3474561145572948,0.272279872796055,0.37822421232296444,0.16022045859118994,0.4172537554756976,0.24323820470685018,0.3818122922675438,46656,finite empirical fold-resampling sensitivity interval; not population-level coverage
Sparkov,logistic,roc_auc,6,temporal fold,0.9665233753735837,0.009530307658623886,0.9688866336511966,0.9592669108239757,0.9718803797189735,0.953938349322345,0.9784900039936295,0.9596350312128346,0.9733153806466063,46656,finite empirical fold-resampling sensitivity interval; not population-level coverage
Sparkov,logistic,brier,6,temporal fold,0.003165017241068758,0.0006875656710251162,0.0033288847189396247,0.0031013386906124374,0.0035294252156745126,0.0018754753400571,0.00383509660605335,0.0026194208088175168,0.003581789826663783,46656,finite empirical fold-resampling sensitivity interval; not population-level coverage
Sparkov,logistic,logloss,6,temporal fold,0.01280515935892855,0.0022618108905422237,0.01365742902271445,0.012697942671365987,0.013965761638246426,0.00843268865719435,0.014636756386607799,0.010959698120132049,0.014102551698063749,46656,finite empirical fold-resampling sensitivity interval; not population-level coverage
Sparkov,logistic,precision_0.005,6,temporal fold,0.4123901030987102,0.1157510184178506,0.44782076032076024,0.38372731919243547,0.47393406337371846,0.2034383954154728,0.5302593659942363,0.32149941748795613,0.48598839459542026,46656,finite empirical fold-resampling sensitivity interval; not population-level coverage
Sparkov,logistic,recall_0.005,6,temporal fold,0.5069994669444325,0.031547059008373964,0.49013652189847895,0.4882379987238674,0.5309573829531813,0.4791666666666667,0.5503875968992248,0.4857866043613707,0.5290847925982759,46656,finite empirical fold-resampling sensitivity interval; not population-level coverage
Sparkov,logistic,value_capture_0.005,6,temporal fold,0.6556534115712731,0.03958427037141695,0.6501927196810617,0.626643428202723,0.6678362244210101,0.6166652784380173,0.7243586945832284,0.6294233942125879,0.6866770478084162,46656,finite empirical fold-resampling sensitivity interval; not population-level coverage
Sparkov,logistic,value_capture_0.01,6,temporal fold,0.886463314532674,0.01726896514385177,0.8904091972936683,0.879421082186979,0.8921541683140519,0.8591885560355681,0.9102787341008769,0.8729899442783341,0.8982070153225625,46656,finite empirical fold-resampling sensitivity interval; not population-level coverage
Sparkov,xgboost,pr_auc,6,temporal fold,0.9722969409234676,0.008875279643351736,0.9753947058267307,0.9676869214757955,0.9790361293170865,0.9577005329215069,0.9799241037931488,0.9653152402982156,0.9782484778189299,46656,finite empirical fold-resampling sensitivity interval; not population-level coverage
Sparkov,xgboost,roc_auc,6,temporal fold,0.999240216574177,0.0007831768983878751,0.9995863779567514,0.9992457648602304,0.9996642030553313,0.9977000941241452,0.9997460774911655,0.9985956863291752,0.9996669683198564,46656,finite empirical fold-resampling sensitivity interval; not population-level coverage
Sparkov,xgboost,brier,6,temporal fold,0.0004370679901815083,0.00011329091499785669,0.00047762000031062495,0.00038564011629196247,0.0005091862585686,0.0002460854375385,0.0005463940033223,0.0003472138061320781,0.0005124853026548084,46656,finite empirical fold-resampling sensitivity interval; not population-level coverage
Sparkov,xgboost,logloss,6,temporal fold,0.0018310380352582834,0.000488794961376506,0.002035510347923175,0.001624464319320325,0.0021720673830713747,0.00098544682259665,0.0022247253218665502,0.001442510911753376,0.002146184628751708,46656,finite empirical fold-resampling sensitivity interval; not population-level coverage
Sparkov,xgboost,precision_0.005,6,temporal fold,0.7752665888444548,0.22265226413096761,0.844050094050094,0.7295936621518017,0.9067256912084499,0.3646131805157593,0.9798270893371758,0.5959826289339183,0.9115989078723851,46656,finite empirical fold-resampling sensitivity interval; not population-level coverage
Sparkov,xgboost,recall_0.005,6,temporal fold,0.948736925085733,0.037241709494085375,0.952612318432609,0.9364142385926333,0.9764015244652078,0.8854166666666666,0.9864341085271318,0.9200323782160839,0.9740132080795507,46656,finite empirical fold-resampling sensitivity interval; not population-level coverage
Sparkov,xgboost,value_capture_0.005,6,temporal fold,0.9799503115811508,0.022406649708978706,0.9894003757857315,0.9638493484749014,0.9969259513144029,0.9474094502936681,0.9987248517598554,0.9634187974723298,0.995461185244428,46656,finite empirical fold-resampling sensitivity interval; not population-level coverage
Sparkov,xgboost,value_capture_0.01,6,temporal fold,0.9962424942299851,0.00394993170034605,0.9979467022092497,0.994208299563337,0.9987160507767087,0.9898140162366693,0.9998128790775145,0.993146970516951,0.9988833822672071,46656,finite empirical fold-resampling sensitivity interval; not population-level coverage
IEEE-CIS temporal,lightgbm,pr_auc,4,temporal fold,0.5088527911550533,0.03769744961573009,0.513673774519628,0.4862959417097017,0.5362306239649797,0.4627559528060721,0.5453076627748852,0.47844927874182513,0.5392563035682815,256,finite empirical fold-resampling sensitivity interval; not population-level coverage
IEEE-CIS temporal,lightgbm,roc_auc,4,temporal fold,0.8971236494735298,0.008758461733405817,0.8964478563615217,0.889933477678402,0.9036380281566497,0.8891319792465067,0.9064669059245696,0.8896663115344369,0.9045809874126229,256,finite empirical fold-resampling sensitivity interval; not population-level coverage
IEEE-CIS temporal,lightgbm,brier,4,temporal fold,0.022720591187442997,0.0012911925721124041,0.02308431241325975,0.02218209452275055,0.0236228090779522,0.0209438599562885,0.023769879966964,0.021601341329286775,0.023671832707622797,256,finite empirical fold-resampling sensitivity interval; not population-level coverage
IEEE-CIS temporal,lightgbm,logloss,4,temporal fold,0.09397312235560529,0.004081405337869748,0.0948214729106836,0.09189181328760242,0.09690278197868647,0.088636443286924,0.09761310031413,0.09064383476524432,0.09713955475716765,256,finite empirical fold-resampling sensitivity interval; not population-level coverage
IEEE-CIS temporal,lightgbm,precision_0.005,4,temporal fold,0.924,0.050066622281382894,0.9339999999999999,0.904,0.954,0.856,0.972,0.8789999999999999,0.96,256,finite empirical fold-resampling sensitivity interval; not population-level coverage
IEEE-CIS temporal,lightgbm,recall_0.005,4,temporal fold,0.13447623498030678,0.015594116410978546,0.12751983771851322,0.12646693966968695,0.13552913302913303,0.1250730566919929,0.1577922077922078,0.12583181954602168,0.15007704767638544,256,finite empirical fold-resampling sensitivity interval; not population-level coverage
IEEE-CIS temporal,lightgbm,value_capture_0.005,4,temporal fold,0.07369181367347845,0.015058842760493976,0.06947000288868074,0.06233548341119085,0.08082633315096835,0.0619285907072691,0.0938986582092832,0.0621998525098836,0.08604177223508692,256,finite empirical fold-resampling sensitivity interval; not population-level coverage
IEEE-CIS temporal,lightgbm,value_capture_0.01,4,temporal fold,0.14459684199943657,0.0284194143524771,0.1358786629183913,0.13023306437905885,0.150242440538769,0.1208632216068619,0.1857668205541017,0.12524766133856094,0.17266420174135738,256,finite empirical fold-resampling sensitivity interval; not population-level coverage
IEEE-CIS temporal,logistic,pr_auc,4,temporal fold,0.2992793812764258,0.12645773374886454,0.2979739682370522,0.2434863842765601,0.35376696523691786,0.1473521324513259,0.4538174561802729,0.19061829973577765,0.40924587585644756,256,finite empirical fold-resampling sensitivity interval; not population-level coverage
IEEE-CIS temporal,logistic,roc_auc,4,temporal fold,0.8306600396742092,0.018274124721616908,0.8260643624836728,0.8195067474254681,0.8372176547324138,0.8143963759105112,0.8561150578189801,0.8178032902538158,0.8473888445135153,256,finite empirical fold-resampling sensitivity interval; not population-level coverage
IEEE-CIS temporal,logistic,brier,4,temporal fold,0.03385916073006018,0.01357257820294903,0.0279059318868849,0.027136628297985077,0.03462846431896,0.0254808439763964,0.0541439351700745,0.026141459824444425,0.0475300904788512,256,finite empirical fold-resampling sensitivity interval; not population-level coverage
IEEE-CIS temporal,logistic,logloss,4,temporal fold,0.1705288661556411,0.10808575057703403,0.11931426693591529,0.11508475460220677,0.17475837848934966,0.1109745735119173,0.3325123572388166,0.11371469423877695,0.2784979716705216,256,finite empirical fold-resampling sensitivity interval; not population-level coverage
IEEE-CIS temporal,logistic,precision_0.005,4,temporal fold,0.5770000000000001,0.3761613129141982,0.688,0.486,0.779,0.036,0.896,0.212,0.831,256,finite empirical fold-resampling sensitivity interval; not population-level coverage
IEEE-CIS temporal,logistic,recall_0.005,4,temporal fold,0.08496395782800267,0.05410120733501744,0.10568532869818664,0.0786512811512811,0.11199800537490823,0.0048648648648648,0.1236203090507726,0.030679624686053626,0.11852692009976776,256,finite empirical fold-resampling sensitivity interval; not population-level coverage
IEEE-CIS temporal,logistic,value_capture_0.005,4,temporal fold,0.038557994452044775,0.025311575481884754,0.045031635127794,0.031231281782784625,0.05235834779705415,0.0027832370147158,0.0613854705378753,0.014424754481898625,0.056217593746441696,256,finite empirical fold-resampling sensitivity interval; not population-level coverage
IEEE-CIS temporal,logistic,value_capture_0.01,4,temporal fold,0.08668261635368682,0.05420390702664201,0.1120442553720947,0.08189504604893824,0.11683182567684328,0.0056592485965889,0.116982706073969,0.03343981950022535,0.11688211914255185,256,finite empirical fold-resampling sensitivity interval; not population-level coverage
IEEE-CIS temporal,xgboost,pr_auc,4,temporal fold,0.5318675589667332,0.04150660148229432,0.5355771279653917,0.5077684960286339,0.5596761909034909,0.4812932977899686,0.5750226821461806,0.4989434299490788,0.5647916879843875,256,finite empirical fold-resampling sensitivity interval; not population-level coverage
IEEE-CIS temporal,xgboost,roc_auc,4,temporal fold,0.9064139340808873,0.005583634334382335,0.9057551704042142,0.9017537083077664,0.9104153961773349,0.901558981303381,0.9125864142117398,0.9016887993063045,0.9111390688554699,256,finite empirical fold-resampling sensitivity interval; not population-level coverage
IEEE-CIS temporal,xgboost,brier,4,temporal fold,0.022137607913464277,0.0013279085791098287,0.02234815433621405,0.0213801674544811,0.023105594795197224,0.0204733908176422,0.0233807321637868,0.0210779085755348,0.02319730725139375,256,finite empirical fold-resampling sensitivity interval; not population-level coverage
IEEE-CIS temporal,xgboost,logloss,4,temporal fold,0.0914502181112766,0.004290425797913899,0.09221521019935605,0.08928110636770722,0.09438432194292543,0.0858669951558113,0.095503456890583,0.0879030656069517,0.09475736692547795,256,finite empirical fold-resampling sensitivity interval; not population-level coverage
IEEE-CIS temporal,xgboost,precision_0.005,4,temporal fold,0.9179999999999999,0.0285657137141714,0.928,0.915,0.931,0.876,0.94,0.889,0.9369999999999999,256,finite empirical fold-resampling sensitivity interval; not population-level coverage
IEEE-CIS temporal,xgboost,recall_0.005,4,temporal fold,0.13350836311570513,0.012785371173875515,0.1280153222300063,0.12734784463013565,0.1341758407155758,0.1254054054054054,0.1525974025974026,0.1260628840761291,0.14644688304098005,256,finite empirical fold-resampling sensitivity interval; not population-level coverage
IEEE-CIS temporal,xgboost,value_capture_0.005,4,temporal fold,0.07957701836719736,0.011659110741458315,0.0743068627618744,0.0735879096308411,0.08029597149823064,0.0726741914458091,0.0970201564992315,0.07318595437549776,0.0912382379642199,256,finite empirical fold-resampling sensitivity interval; not population-level coverage
IEEE-CIS temporal,xgboost,value_capture_0.01,4,temporal fold,0.15922021431795058,0.020728479318064014,0.1535126754054405,0.1479684087468729,0.1647644809765182,0.1410780871545288,0.1887774193063925,0.14499860741586995,0.17914936013254126,256,finite empirical fold-resampling sensitivity interval; not population-level coverage
