Leakage class,Prohibited information flow,Likely distortion,Control implemented in this study,Minimum audit evidence
Temporal split leakage,Transactions occurring after the scoring time influence a model evaluated on earlier or contemporaneous observations.,Inflated discrimination and understated temporal degradation because training and test are treated as exchangeable.,Chronological outer folds with expanding historical training and untouched future test; random splits only as an explicitly labelled comparator.,Minimum/maximum timestamps for every block; proof max development time < min test time; row counts and prevalence by fold.
Label-availability leakage,"Fraud labels, chargebacks, investigation outcomes, or target-derived statistics are used before operational maturation.","Unrealistically clean supervision, especially for recent transactions, and exaggerated value of fraud-history features.","Label-cutoff rules and 0-, 7-, 14-, and 30-day confirmation-delay scenarios; post-resolution variables excluded.","For each target-derived feature: event time, label-confirmation time, imposed delay, latest admissible label timestamp."
Point-in-time feature leakage,"Aggregates or joins include the current event, later events, or values generated after the prediction timestamp.","Look-ahead bias in velocity, frequency, entity-risk, graph, and behavioural features.",Global chronological ordering followed by strictly lagged cumulative/rolling features; current-row exclusion; point-in-time entity histories.,Feature-level cutoff; join condition; tests showing future-row perturbations cannot change an earlier feature vector.
Entity or duplicate contamination,"The same event, near duplicate, customer, card, merchant pattern, or derived record crosses development/evaluation contrary to the estimand.",Memorisation mistaken for generalisation; uncertainty understated.,"Transaction-ID uniqueness checks, identity joins, duplicate screening, chronological entity histories; entity-blocked evaluation when required by estimand.",Cross-block overlap counts for IDs/hashes; duplicate report; explicit statement whether previously observed entities are permitted.
Preprocessing and representation leakage,"Imputation, scaling, encoding, dimensionality reduction, feature selection, vocabulary construction, or missingness rules use later observations.","Evaluation data shape the representation before fitting, producing optimistic/irreproducible performance.",Every fitted transformation learned from training and applied unchanged later; unknown categories handled prespecifically.,"Fitted-object provenance, training row hashes, learned dictionaries and imputation/scaling parameters, fit/transform code."
Sampling and prevalence leakage,"Over/undersampling, synthetic generation, case-control selection, or class balancing occurs before splitting or alters evaluation prevalence.","Cases can cross partitions; precision, calibration, and operational utility cease to represent natural deployment prevalence.","Sampling confined to historical training; validation, calibration, and test remain unsampled at natural prevalence.",Pre/post-sampling counts by block; seeds; proof no sampled/synthetic record enters evaluation.
Selection and early-stopping leakage,"Hyperparameters, features, model classes, or stopping iterations are chosen using the final test.",Selection bias: reported test score becomes the maximum of repeated noisy comparisons.,Validation separated from final test; configurations fixed before scoring; calibration analysis separates fit from selection.,"Search space, objective, seeds, validation indices, candidate count, immutable final-test access log."
Calibration and decision-policy leakage,"Test labels fit or choose calibrators, probability cutoffs, alert budgets, or cost policies.",Artificially improved Brier/log-loss and operational metrics.,Calibrators fitted on later development windows and selected without test access; budgets prespecified; test labels only for final evaluation.,Calibration timestamps; selection criterion; prespecified budget/cost rule; parameter file; test-access record.
Repeated-test and reporting leakage,"Holdout results guide revisions, reruns, metric/subgroup choice, or selective reporting.",Adaptive overfitting to the benchmark and hidden multiplicity.,"Frozen analysis plan, complete fold reporting, fixed metrics, manifests/checksums, separation of diagnostic from confirmatory outputs.",Versioned protocol/code; complete run ledger; all prespecified outcomes/folds; qualification for multiplicity.
