model,policy,delay_days,calibration,pr_auc,pr_auc_sd,roc_auc,brier,logloss,cal_intercept,cal_slope,recall_005,precision_005,value_capture_005,recall_01,value_capture_01
lightgbm,capped_weighted,0,beta,0.9723607092817561,0.008657236632371746,0.9993900355721324,0.0004176580592474904,0.0017866559206479995,0.07654738294255481,1.0065896739622706,0.9497061534011837,0.7766536608755988,0.9787746476170086,0.9846383026640672,0.9964759028619832
lightgbm,capped_weighted,0,platt,0.9723607092817561,0.008657236632371746,0.9993900355721324,0.0004210324680981984,0.001792792045234582,0.03586833876936894,1.0214120403012996,0.9497061534011837,0.7766536608755988,0.9787746476170086,0.9846383026640672,0.9964759028619832
lightgbm,capped_weighted,0,raw,0.9723607092817561,0.008657236632371751,0.9993900355721324,0.001346761642422873,0.0052151145882219285,-3.0850137862697147,0.9991349150451359,0.9497061534011837,0.7766536608755988,0.9787746476170086,0.9846383026640672,0.9964759028619832
lightgbm,capped_weighted,7,beta,0.9726326079135834,0.009015780474806749,0.9993903569565319,0.0004184013639197971,0.0017781304744126124,0.03002093631937415,1.0014950606747506,0.950331903067703,0.7770547089287488,0.9811874548366276,0.9852424156180822,0.9965736242003832
lightgbm,capped_weighted,7,platt,0.9726326079135834,0.009015780474806714,0.9993903569565319,0.0004217231558358956,0.001782571730924859,0.001947674918179674,1.023899843989842,0.950331903067703,0.7770547089287488,0.9811874548366276,0.9852424156180822,0.9965736242003832
lightgbm,capped_weighted,7,raw,0.9726326079135833,0.009015780474806721,0.9993903569565319,0.0013377338059023264,0.005199260945614352,-3.1227196884237913,1.0029889330171065,0.950331903067703,0.7770547089287488,0.9811874548366276,0.9852424156180822,0.9965736242003832
lightgbm,capped_weighted,14,beta,0.9727630871784735,0.008974114471432683,0.9995121507650592,0.00041361947191505835,0.0017577600070416445,0.03143950363900966,1.0026637543966952,0.9500833948644477,0.7771402399735406,0.9800499358583429,0.9857734998919563,0.9972303316455552
lightgbm,capped_weighted,14,platt,0.9727630871784735,0.008974114471432695,0.9995121507650592,0.000417490702647368,0.001767482885265525,0.027426610051754192,1.0232071057982948,0.9500833948644477,0.7771402399735406,0.9800499358583429,0.9857734998919563,0.9972303316455552
lightgbm,capped_weighted,14,raw,0.9727630871784735,0.008974114471432712,0.9995121507650592,0.001343605957765398,0.005182022414335078,-3.1085580780545587,1.006046372110139,0.9500833948644477,0.7771402399735406,0.9800499358583429,0.9857734998919563,0.9972303316455552
lightgbm,capped_weighted,30,beta,0.972204940841925,0.008473491399944681,0.9994872209122314,0.00042623371285479476,0.0018019722243305298,0.053118837317533085,1.0009390199495458,0.9488049856935103,0.7753898122236654,0.981400329368402,0.9864018293892208,0.996730502040395
lightgbm,capped_weighted,30,platt,0.972204940841925,0.008473491399944681,0.9994872209122314,0.0004303798570070788,0.001812049923157229,-0.0005821198902300021,1.018342373647301,0.9488049856935103,0.7753898122236654,0.981400329368402,0.9864018293892208,0.996730502040395
lightgbm,capped_weighted,30,raw,0.972204940841925,0.008473491399944728,0.9994872209122314,0.0013388983761820378,0.005180400364804814,-3.0777559815116233,0.9972799783086012,0.9488049856935103,0.7753898122236654,0.981400329368402,0.9864018293892208,0.996730502040395
lightgbm,sliding180_unweighted,0,beta,0.9307495802900377,0.025054241137034177,0.9978919726160199,0.0008068792888868844,0.0033093146017184965,-0.2244376964560447,0.9927630002677561,0.9072980064339703,0.7388180529475908,0.9583659419178069,0.9671074063337101,0.9916948332941379
lightgbm,sliding180_unweighted,0,platt,0.9307495802900377,0.025054241137034177,0.9978919726160199,0.0007999906771690384,0.0033572233528930957,-0.2522031111701456,0.9850156564797273,0.9072980064339703,0.7388180529475908,0.9583659419178069,0.9671074063337101,0.9916948332941379
lightgbm,sliding180_unweighted,0,raw,0.9306829947663355,0.02502325433350856,0.9979253915767777,0.0008579792714764854,0.00428281858101206,-0.021274674688562367,0.6414803441371844,0.9072980064339703,0.7388180529475908,0.9583659419178069,0.9671074063337101,0.9916948332941379
lightgbm,sliding180_unweighted,7,beta,0.9337275182002721,0.029144175444766454,0.9981700360563844,0.0007413803039616778,0.003133164374724356,-0.13981274603226748,0.9989268071466713,0.9146092945825285,0.7477259627615216,0.9662830016707379,0.967002573794289,0.991820936577675
lightgbm,sliding180_unweighted,7,platt,0.9337275182002721,0.029144175444766454,0.9981700360563844,0.0007350480550589937,0.003191606023493425,-0.21269787370183205,0.9881909784848751,0.9146092945825285,0.7477259627615216,0.9662830016707379,0.967002573794289,0.991820936577675
lightgbm,sliding180_unweighted,7,raw,0.9337275182002719,0.029144175444766374,0.9981700360563844,0.0007674671178851551,0.003993271853032427,0.20793871410763765,0.665971156083955,0.9146092945825285,0.7477259627615216,0.9662830016707379,0.967002573794289,0.991820936577675
lightgbm,sliding180_unweighted,14,beta,0.9391436244665291,0.020893118882214335,0.9982212388109465,0.0007315981520021763,0.0030426839195773735,-0.26116321336107723,0.987386255633146,0.9170001580811277,0.7488641361291245,0.9659467437685181,0.9717168041608572,0.9938648658001982
lightgbm,sliding180_unweighted,14,platt,0.9391436244665291,0.020893118882214335,0.9982212388109465,0.00072714685487328,0.0030927276876509934,-0.27620911229427153,0.9810209610305138,0.9170001580811277,0.7488641361291245,0.9659467437685181,0.9717168041608572,0.9938648658001982
lightgbm,sliding180_unweighted,14,raw,0.9391436244665291,0.020893118882214335,0.9981993159094066,0.0007516403649582021,0.0038520424124553524,0.21019321995618848,0.6677268874142527,0.9170001580811277,0.7488641361291245,0.9659467437685181,0.9717168041608572,0.9938648658001982
lightgbm,sliding180_unweighted,30,beta,0.8858382870548543,0.1791950257970376,0.9874756225861244,0.0010050532195005968,0.004303421486541487,-0.27917693108793273,0.9895597746305826,0.8834687173701082,0.7115279308332165,0.9325124830919234,0.9390185801450137,0.9688964977509761
lightgbm,sliding180_unweighted,30,platt,0.8779504942744903,0.2063539319183278,0.9873626755483382,0.0010681263959697181,0.004607620213223089,-0.3449635115466643,0.978205664697053,0.8628523979256637,0.6887133294883557,0.9099672152054664,0.9385845523672359,0.9703352872387736
lightgbm,sliding180_unweighted,30,raw,0.8781218498289727,0.20576346306425577,0.9873482885130734,0.001417735001714113,0.017021530658636767,-0.16457690937006839,0.6235051924591984,0.8630694118145525,0.6889534831867228,0.9104850867020575,0.9385845523672359,0.9703352872387736
lightgbm,sliding180_weighted,0,beta,0.9610588187546835,0.012655351539938412,0.998812910300798,0.0005096049690755316,0.002228466409365546,-0.07456713235505126,0.9894296741345493,0.9389224695921832,0.7681201807448149,0.9763093190104613,0.9782811536954371,0.9952304587285647
lightgbm,sliding180_weighted,0,platt,0.9610588187546835,0.012655351539938412,0.998812910300798,0.0005077188529689747,0.002221698979732147,-0.03938903839428478,0.9951902804278036,0.9389224695921832,0.7681201807448149,0.9763093190104613,0.9782811536954371,0.9952304587285647
lightgbm,sliding180_weighted,0,raw,0.9610588187546835,0.01265535153993841,0.998812910300798,0.0006674213979751247,0.0027922547044732186,-1.5748362652372523,0.8413694359425822,0.9389224695921832,0.7681201807448149,0.9763093190104613,0.9782811536954371,0.9952304587285647
lightgbm,sliding180_weighted,7,beta,0.9610301736572308,0.01214938741755218,0.9989697786507299,0.0005149428933963018,0.0022393549911718454,-0.025414406953348165,0.9871430931981585,0.9382797052531021,0.7671491536691329,0.9761112398002555,0.9790718433691032,0.9958545638292965
lightgbm,sliding180_weighted,7,platt,0.9610301736572308,0.01214938741755218,0.9989697786507299,0.000513321842526048,0.0022293886914682326,0.01607135940506173,1.0020683732813096,0.9382797052531021,0.7671491536691329,0.9761112398002555,0.9790718433691032,0.9958545638292965
lightgbm,sliding180_weighted,7,raw,0.9610301736572308,0.012149387417552154,0.9989697786507299,0.0006767612342331773,0.0027818998603151845,-1.5672305187732694,0.8472212496265615,0.9382797052531021,0.7671491536691329,0.9761112398002555,0.9790718433691032,0.9958545638292965
lightgbm,sliding180_weighted,14,beta,0.9605229618130203,0.012767862976483193,0.9988847135391535,0.0005164573197277139,0.0022454579102996583,-0.06137866377960067,0.9857672534222864,0.9373439106348672,0.7665634338994619,0.9750145579999177,0.9775079178256011,0.9952621982281951
lightgbm,sliding180_weighted,14,platt,0.9605229618130203,0.012767862976483193,0.9988847135391535,0.0005154833772497206,0.0022412059611564136,-0.06431599696217553,0.9967889096483807,0.9373439106348672,0.7665634338994619,0.9750145579999177,0.9775079178256011,0.9952621982281951
lightgbm,sliding180_weighted,14,raw,0.9605229618130203,0.012767862976483205,0.9988847135391535,0.0006805052677388543,0.002807183380044542,-1.5833306831739453,0.8473971316914651,0.9373439106348672,0.7665634338994619,0.9750145579999177,0.9775079178256011,0.9952621982281951
lightgbm,sliding180_weighted,30,beta,0.960495728709032,0.012928935241769284,0.9988427078371273,0.0005161929726871642,0.002250582815119552,-0.04871281676589504,0.9843380363362897,0.9372415420872735,0.7670593684215855,0.9756258134426016,0.9782385621845336,0.9950015253307113
lightgbm,sliding180_weighted,30,platt,0.960495728709032,0.012928935241769284,0.9988427078371273,0.0005158345507305562,0.002246227521685304,-0.05413485041978933,0.9972274680824343,0.9372415420872735,0.7670593684215855,0.9756258134426016,0.9782385621845336,0.9950015253307113
lightgbm,sliding180_weighted,30,raw,0.960495728709032,0.012928935241769303,0.9988427078371273,0.00067284099123172,0.002803534399976259,-1.5746107470038526,0.8347737010761124,0.9372415420872735,0.7670593684215855,0.9756258134426016,0.9782385621845336,0.9950015253307113
logistic,capped_weighted,0,beta,0.31839457976488744,0.09106926100729745,0.9665107604752402,0.0031625273113604635,0.012807402992621064,-0.20516909783085188,0.9754007011651993,0.506537355016328,0.41191048579881073,0.6550047914989926,0.7383579780822968,0.8858605485270096
logistic,capped_weighted,0,platt,0.31839459094340145,0.09106923903387806,0.966513337788295,0.0036710085114464164,0.015359340778862437,-0.2791251018643379,0.9734640667835871,0.506537355016328,0.41191048579881073,0.6550047914989926,0.7383579780822968,0.8858605485270094
logistic,capped_weighted,0,raw,0.3164378047313254,0.09061010357842025,0.9665085512614033,0.03708878035346667,0.1876989429195722,-5.428885738054912,0.4367257431149483,0.506537355016328,0.41191048579881073,0.6550047914989926,0.7383579780822968,0.8858605485270096
logistic,capped_weighted,7,beta,0.31819122973499164,0.09108394794768326,0.9665353086133844,0.003164984091805915,0.01280627081481119,-0.20573879716296992,0.9744319717089335,0.5065535656923654,0.41196295180949,0.6551898920522975,0.7378813587936156,0.8854296776857374
logistic,capped_weighted,7,platt,0.31819124021845785,0.09108392715333986,0.9665379492994118,0.0036723760228293636,0.015363688735912243,-0.2801108608643214,0.973361482222875,0.5065535656923654,0.41196295180949,0.6551898920522975,0.7378813587936156,0.8854296776857374
logistic,capped_weighted,7,raw,0.3161960343177063,0.09052705554033122,0.9665330694097597,0.03688632184639573,0.18704392140110335,-5.427410165468852,0.4366613104939461,0.5065535656923654,0.41196295180949,0.6551898920522975,0.7378813587936156,0.8854296776857374
logistic,capped_weighted,14,beta,0.31801463560588444,0.091058895302751,0.9665233753735838,0.003165017241068805,0.0128051593589286,-0.20559347110490003,0.9745915134747823,0.5069994669444325,0.41239010309871027,0.6556534115712732,0.7383196294094944,0.886463314532674
logistic,capped_weighted,14,platt,0.31801462973904865,0.09105885386771712,0.9665260430002788,0.0036727722617797554,0.015364868100732565,-0.2773110593358676,0.9735479801893234,0.5069994669444325,0.41239010309871027,0.6556534115712732,0.7383196294094944,0.886463314532674
logistic,capped_weighted,14,raw,0.31615797320427974,0.09050410349338175,0.9665215476936472,0.036639866419136524,0.18618151297171912,-5.423891504605611,0.43648658444484073,0.5069994669444325,0.41239010309871027,0.6556534115712732,0.7383196294094944,0.886463314532674
logistic,capped_weighted,30,beta,0.3176820361484332,0.09093016508369421,0.9665541808738789,0.0031659365146576115,0.012805381945023933,-0.20524483360350132,0.9743073731660843,0.5062539083043098,0.411681548069873,0.6547887584191178,0.7376124194421741,0.8853428691570562
logistic,capped_weighted,30,platt,0.31768204849369486,0.090930143259792,0.9665568220831319,0.003675160580314696,0.015372587367892265,-0.272787277897199,0.974282239874204,0.5062539083043098,0.411681548069873,0.6547887584191178,0.7376124194421741,0.8853428691570562
logistic,capped_weighted,30,raw,0.31580437127829347,0.09039022488600999,0.9665522897495378,0.03627219935879111,0.18493351340293884,-5.418496330579122,0.4361047421892484,0.5062539083043098,0.411681548069873,0.6547887584191178,0.7376124194421741,0.8853428691570562
logistic,sliding180_unweighted,0,beta,0.4835040560353479,0.1291957473377933,0.9178814733798529,0.002568939952955892,0.013776506142069897,-0.3088502536217372,0.9562478164831797,0.5904676117139669,0.48798734587590825,0.7993284596317015,0.6906389897893184,0.893264238457093
logistic,sliding180_unweighted,0,platt,0.4799681224134224,0.1279936924485056,0.917880320110542,0.0026828559930436313,0.014701433790226778,-0.34830160935719806,0.9566991130510966,0.5904676117139669,0.48798734587590825,0.7993284596317015,0.6906389897893184,0.893264238457093
logistic,sliding180_unweighted,0,raw,0.48024699796019577,0.12808308842317173,0.9178803400134582,0.0025994532625190914,0.01462106111769875,-0.7672889390960336,0.9018634458382925,0.5904676117139669,0.48798734587590825,0.7993284596317015,0.6906389897893184,0.893264238457093
logistic,sliding180_unweighted,7,beta,0.4837139147384826,0.129215828198239,0.9178983748965419,0.002568509643121312,0.013772846665233374,-0.307483767469724,0.9562043249607086,0.5904676117139669,0.48798734587590825,0.799915274206518,0.6906389897893184,0.8938155331136776
logistic,sliding180_unweighted,7,platt,0.48021161372738846,0.12801341866606553,0.9178972421300374,0.0026834861491806805,0.0147026926279068,-0.3441370228926341,0.9573139448960623,0.5904676117139669,0.48798734587590825,0.799915274206518,0.6906389897893184,0.8938155331136776
logistic,sliding180_unweighted,7,raw,0.4804904892741619,0.12810305035609387,0.9178972620329539,0.0025986460968852043,0.014619616170724234,-0.7665831853325168,0.9016509155432383,0.5904676117139669,0.48798734587590825,0.799915274206518,0.6906389897893184,0.8938155331136776
logistic,sliding180_unweighted,14,beta,0.4835212543863085,0.1287828953790444,0.9179910827466076,0.002568400367939224,0.013770215523739656,-0.31052347520987195,0.9553963840007782,0.5900335839361891,0.48750703847917437,0.7993122678917762,0.6896910189845306,0.8934508918923628
logistic,sliding180_unweighted,14,platt,0.48000842659250825,0.12757796820419623,0.9179899394890572,0.002682649549872925,0.014689822681248188,-0.33503172794977826,0.9591730336348215,0.5900335839361891,0.48750703847917437,0.7993122678917762,0.6896910189845306,0.8934508918923628
logistic,sliding180_unweighted,14,raw,0.48025352463172394,0.12773582542432618,0.9179899501157696,0.002600961752856771,0.014618993736803532,-0.7600357110301653,0.9031293491522471,0.5900335839361891,0.48750703847917437,0.7993122678917762,0.6896910189845306,0.8934508918923628
logistic,sliding180_unweighted,30,beta,0.4837899357994358,0.1291122807045475,0.9180460267532863,0.0025676446384750307,0.013724795542657375,-0.2999947468439738,0.9586808880170187,0.5908692181396697,0.4883627212512836,0.8010583468386123,0.6903702490098741,0.8933292417404055
logistic,sliding180_unweighted,30,platt,0.4802231546660243,0.12789445696525287,0.9180448652658987,0.0026834914654803774,0.01469551989187797,-0.3402647525072098,0.9581357141335806,0.5908692181396697,0.4883627212512836,0.8010583468386123,0.6903702490098741,0.8933292417404055
logistic,sliding180_unweighted,30,raw,0.48045339837599066,0.1280432514378453,0.9180448781655807,0.0025985384127125144,0.014608411118388176,-0.7644312748064598,0.9013020694255829,0.5908692181396697,0.4883627212512836,0.8010583468386123,0.6903702490098741,0.8933292417404055
logistic,sliding180_weighted,0,beta,0.3202064592626754,0.09266628769178499,0.9662097263404966,0.003158256411552429,0.01288770449658235,-0.21592519680658975,0.9882171054681143,0.507641805179278,0.41336124062218255,0.66396497647029,0.7329137286940816,0.8844679004035156
logistic,sliding180_weighted,0,platt,0.320206462590702,0.09266627991636886,0.9662087414601546,0.0036402231004709997,0.0151916672475636,-0.3095107972621918,0.9742936690648397,0.507641805179278,0.41336124062218255,0.66396497647029,0.7329137286940816,0.8844679004035156
logistic,sliding180_weighted,0,raw,0.31834084554740444,0.09274839500406369,0.9662036051206545,0.04379130247980356,0.20751437296470007,-5.504193305969238,0.43403360247612,0.507641805179278,0.41336124062218255,0.66396497647029,0.7329137286940816,0.8844679004035156
logistic,sliding180_weighted,7,beta,0.32021015673411,0.09267610855994683,0.966217592167023,0.0031615326879546046,0.012883257896949848,-0.1978161372244358,0.9932178656260172,0.5072077774015004,0.41288093322544867,0.663361186488474,0.7329137286940816,0.8844679004035156
logistic,sliding180_weighted,7,platt,0.3202101604628727,0.09267610055610254,0.9662165733220186,0.0036400324509789548,0.015190158039331436,-0.3093142757813136,0.9743161102135977,0.5072077774015004,0.41288093322544867,0.663361186488474,0.7329137286940816,0.8844679004035156
logistic,sliding180_weighted,7,raw,0.31830539356667104,0.09275122253938345,0.9662113459948062,0.04389479632178942,0.20783955107132593,-5.505224386850993,0.4340507487456004,0.5072077774015004,0.41288093322544867,0.663361186488474,0.7329137286940816,0.8844679004035156
logistic,sliding180_weighted,14,beta,0.32024815540870716,0.09267772098295488,0.9662232372102645,0.0031612731593971453,0.012882547918707132,-0.19789238522450128,0.9932853778203329,0.507641805179278,0.41336124062218255,0.6639649764702898,0.733559723526123,0.8852432134974646
logistic,sliding180_weighted,14,platt,0.3202481595585215,0.09267771316176143,0.9662222200206995,0.003639348200522363,0.015187733185787996,-0.30850892265637714,0.9743994077046713,0.507641805179278,0.41336124062218255,0.6639649764702898,0.733559723526123,0.8852432134974646
logistic,sliding180_weighted,14,raw,0.31838253837758707,0.09275953728593245,0.9662170859541689,0.04391305800527334,0.2078823521733284,-5.505436658859253,0.43410209318002063,0.507641805179278,0.41336124062218255,0.6639649764702898,0.733559723526123,0.8852432134974646
logistic,sliding180_weighted,30,beta,0.3200620365544608,0.09267586925607514,0.9662694633074435,0.0031614554075834653,0.012880252984662851,-0.20144416143496832,0.9928751687208811,0.5072077774015004,0.41288093322544867,0.6639491256090998,0.7333153351197844,0.884484432527748
logistic,sliding180_weighted,30,platt,0.32006203953799,0.09267585990486041,0.9662684165416647,0.0036396486684679985,0.01518767885863781,-0.30732251207033795,0.9746253887812296,0.5072077774015004,0.41288093322544867,0.6639491256090998,0.7333153351197844,0.884484432527748
logistic,sliding180_weighted,30,raw,0.3183334727848956,0.09273509138366956,0.9662636146541055,0.043896015733480453,0.20786306510368982,-5.5053714116414385,0.43410026530424756,0.5072077774015004,0.41288093322544867,0.6639491256090998,0.7333153351197844,0.884484432527748
xgboost,capped_weighted,0,beta,0.9724552019352787,0.00850923770865133,0.9992040239650689,0.0004348428738012444,0.0018299599760212004,0.06994273141026497,1.0147752712170284,0.9488326440903893,0.7751556596515523,0.9805505178077207,0.9844490920581288,0.9967323750612133
xgboost,capped_weighted,0,platt,0.9724552019352787,0.008509237708651333,0.9992040239650689,0.00043450578838625614,0.0018286111444467679,0.04269960088034471,1.0045717805624008,0.9488326440903893,0.7751556596515523,0.9805505178077207,0.9844490920581288,0.9967323750612133
xgboost,capped_weighted,0,raw,0.9724552019352787,0.008509237708651309,0.9992040239650689,0.0009293070227916663,0.003698436038879057,-2.6922027468681335,0.9150640418132147,0.9488326440903893,0.7751556596515523,0.9805505178077207,0.9844490920581288,0.9967323750612133
xgboost,capped_weighted,7,beta,0.9720005354504847,0.00858900563464561,0.9992857237554632,0.0004351242278062273,0.0018364556647914772,0.057855983885625996,1.0097835560639699,0.9488967457394947,0.775457311449144,0.9805938811744621,0.9854951442934864,0.9965466240521027
xgboost,capped_weighted,7,platt,0.9720005354504847,0.008589005634645621,0.9992857237554632,0.00043477364791518386,0.0018340719252591953,0.027603256826599438,1.0027359177668889,0.9488967457394947,0.775457311449144,0.9805938811744621,0.9854951442934864,0.9965466240521027
xgboost,capped_weighted,7,raw,0.9720005354504847,0.008589005634645647,0.9992857237554632,0.0009372212613622347,0.0037217894375013807,-2.6649137139320374,0.915569340189298,0.9488967457394947,0.775457311449144,0.9805938811744621,0.9854951442934864,0.9965466240521027
xgboost,capped_weighted,14,beta,0.9722969409234676,0.008517059304142087,0.9992402165741768,0.00043706799018157955,0.0018310380352583404,0.081447617461284,1.0216388752063115,0.948736925085733,0.7752665888444549,0.9799503115811508,0.984262796205854,0.9962424942299851
xgboost,capped_weighted,14,platt,0.9722969409234676,0.008517059304142078,0.9992402165741768,0.0004360879308175451,0.0018269127419140811,0.02414708025753498,1.0141863574584324,0.948736925085733,0.7752665888444549,0.9799503115811508,0.984262796205854,0.9962424942299851
xgboost,capped_weighted,14,raw,0.9722969409234676,0.00851705930414207,0.9992402165741768,0.0009288177777004117,0.003682017015914122,-2.674606204032898,0.9176307419935862,0.948736925085733,0.7752665888444549,0.9799503115811508,0.984262796205854,0.9962424942299851
xgboost,capped_weighted,30,beta,0.9722233521406066,0.008249957906879952,0.999251423097591,0.00043710033666381304,0.001838327700776669,0.031212564868231613,1.0071829855442047,0.948310546776978,0.77494671439676,0.9798937587923008,0.9857062308616479,0.9968699030472616
xgboost,capped_weighted,30,platt,0.9722233521406066,0.008249957906879999,0.999251423097591,0.0004373117493135699,0.0018394153254727523,-0.01758249041934808,0.9922868063052496,0.948310546776978,0.77494671439676,0.9798937587923008,0.9857062308616479,0.9968699030472616
xgboost,capped_weighted,30,raw,0.9722233521406066,0.008249957906879936,0.999251423097591,0.0009202747120677183,0.0036386963135252395,-2.672192394733429,0.9157903442780176,0.948310546776978,0.77494671439676,0.9798937587923008,0.9857062308616479,0.9968699030472616
xgboost,sliding180_unweighted,0,beta,0.9468240317010483,0.01646000277365868,0.9982365076645889,0.0006247702088633863,0.00273881457784834,-0.12092575741310914,1.005332072575887,0.9221614142826202,0.7544900446927906,0.9677823683144958,0.9691584455122562,0.9912439227115505
xgboost,sliding180_unweighted,0,platt,0.9468240317010483,0.016460002773658656,0.9982365076645889,0.0006268044671742246,0.002747684329127272,-0.11341674377520879,1.0093247691790264,0.9221614142826202,0.7544900446927906,0.9677823683144958,0.9691584455122562,0.9912439227115505
xgboost,sliding180_unweighted,0,raw,0.9468240317010483,0.016460002773658635,0.9982365076645889,0.0006319828874741992,0.0028253755590412766,0.33610078878700733,0.9325041621923447,0.9221614142826202,0.7544900446927906,0.9677823683144958,0.9691584455122562,0.9912439227115505
xgboost,sliding180_unweighted,7,beta,0.946721030836068,0.016794102100102303,0.9982204063358586,0.0006267235197204476,0.002727947459788993,-0.13595816989739737,1.0020654797554016,0.9239905728464315,0.755937334770444,0.9697385442516322,0.9701134414606215,0.9919938000792249
xgboost,sliding180_unweighted,7,platt,0.946721030836068,0.016794102100102324,0.9982204063358587,0.0006280401576077566,0.0027322614623699337,-0.11095137894153595,1.0072884211937587,0.9239905728464315,0.755937334770444,0.9697385442516322,0.9701134414606215,0.9919938000792249
xgboost,sliding180_unweighted,7,raw,0.946721030836068,0.016794102100102286,0.9982204063358586,0.0006375363979411001,0.002824620712393274,0.34499505752076703,0.9329595069090525,0.9239905728464315,0.755937334770444,0.9697385442516322,0.9701134414606215,0.9919938000792249
xgboost,sliding180_unweighted,14,beta,0.9462509267393537,0.016894027244569166,0.9982988381689358,0.0006277107313508168,0.0027480811113491654,-0.1646254025399685,0.9944523870944977,0.9241775785018608,0.7557501582129299,0.9687163386772859,0.9701864482958755,0.9916725716974902
xgboost,sliding180_unweighted,14,platt,0.9462509267393537,0.016894027244569183,0.9982988381689358,0.0006301495814113878,0.0027585746526407697,-0.14282368496060371,1.0000845690568287,0.9241775785018608,0.7557501582129299,0.9687163386772859,0.9701864482958755,0.9916725716974902
xgboost,sliding180_unweighted,14,raw,0.9462509267393537,0.016894027244569176,0.9982988381689358,0.0006379513530797946,0.002841779486819481,0.3447085575511058,0.9322281529506048,0.9241775785018608,0.7557501582129299,0.9687163386772859,0.9701864482958755,0.9916725716974902
xgboost,sliding180_unweighted,30,beta,0.9467390324034164,0.01708600341651784,0.9983544674819601,0.0006201883103737297,0.0027179336078309766,-0.16222129141290983,1.00765165189902,0.9253524176150694,0.7570653797738763,0.970239210315913,0.9708780972906084,0.9920927449866076
xgboost,sliding180_unweighted,30,platt,0.9467390566384238,0.0170859642886948,0.9983544674819601,0.0006224898849419939,0.002722988623039176,-0.1387036945670843,1.0125665664672852,0.9253524176150694,0.7570653797738763,0.970239210315913,0.9708780972906084,0.9920927449866076
xgboost,sliding180_unweighted,30,raw,0.9467390324034164,0.017086003416517816,0.9983544674819601,0.0006293124630853223,0.0028053039762501917,0.3469888639325897,0.9329135715961456,0.9253524176150694,0.7570653797738763,0.970239210315913,0.9708780972906084,0.9920927449866076
xgboost,sliding180_weighted,0,beta,0.9573503700499063,0.012573873909414609,0.9986383705796529,0.0005590984292211942,0.002412754741574948,-0.1030410397797823,1.0044846783081691,0.9345749395234871,0.7635301122145005,0.9748428977304803,0.9767759860599529,0.9936934840630133
xgboost,sliding180_weighted,0,platt,0.9573503700499065,0.01257387390941461,0.9986383705796529,0.0005574812579046314,0.0024204952254270515,-0.07055736643572648,1.0157579481601715,0.9345749395234871,0.7635301122145005,0.9748428977304803,0.9767759860599529,0.9936934840630133
xgboost,sliding180_weighted,0,raw,0.9573503701312434,0.012573873940852232,0.9986383717161376,0.000633082328325448,0.0027200006685840585,-1.2008095930020015,0.825838511188825,0.9345749395234871,0.7635301122145005,0.9748428977304803,0.9767759860599529,0.9936934840630133
xgboost,sliding180_weighted,7,beta,0.9582800976534287,0.011751929306375718,0.9986914457770771,0.0005498054015333764,0.002382809315652897,-0.10130945593118668,1.0036002645889919,0.9358419676184582,0.7648586114277501,0.974657245223613,0.9770232609801179,0.9944275811280967
xgboost,sliding180_weighted,7,platt,0.9582800976534287,0.011751929306375745,0.9986914457770771,0.0005473072863727187,0.0023871274606790394,-0.03160099685192108,1.0205607910950978,0.9358419676184582,0.7648586114277501,0.974657245223613,0.9770232609801179,0.9944275811280967
xgboost,sliding180_weighted,7,raw,0.9582800976534287,0.011751929306375763,0.9986914457770771,0.0006164750884636305,0.002669814207668727,-1.1847647776206334,0.8297174274921417,0.9358419676184582,0.7648586114277501,0.974657245223613,0.9770232609801179,0.9944275811280967
xgboost,sliding180_weighted,14,beta,0.9571790642921275,0.012512352411830185,0.9985657116558931,0.0005613792527583428,0.0024220528721343726,-0.1519868609805902,0.9944362044334412,0.9334324586505963,0.7625071128228073,0.975430881614734,0.9762279814771643,0.993751957339851
xgboost,sliding180_weighted,14,platt,0.9571790642921275,0.012512352411830178,0.9985657116558931,0.0005567802678948889,0.0024236034466108927,-0.10325416984657447,1.0063613504171371,0.9334324586505963,0.7625071128228073,0.975430881614734,0.9762279814771643,0.993751957339851
xgboost,sliding180_weighted,14,raw,0.9571790642921275,0.012512352411830154,0.9985657116558931,0.0006316354896019524,0.002719995507504791,-1.1953690499067307,0.8223799914121628,0.9334324586505963,0.7625071128228073,0.975430881614734,0.9762279814771643,0.993751957339851
xgboost,sliding180_weighted,30,beta,0.9578767289981407,0.01163138412602467,0.9986440664742565,0.0005534838831711871,0.0023965796475143484,-0.07043125852942467,1.0045285373926163,0.9335410094191404,0.7631023859291557,0.9739076769527246,0.9767445583904616,0.9941353033118236
xgboost,sliding180_weighted,30,platt,0.9578767289981407,0.011631384126024642,0.9986440664742565,0.0005518677232127326,0.002405498787993565,-0.09961414088805516,1.0113708873589833,0.9335410094191404,0.7631023859291557,0.9739076769527246,0.9767445583904616,0.9941353033118236
xgboost,sliding180_weighted,30,raw,0.9578767289981407,0.011631384126024696,0.9986440664742565,0.0006301521595257024,0.002709370261679093,-1.2156972587108612,0.8235783825318018,0.9335410094191404,0.7631023859291557,0.9739076769527246,0.9767445583904616,0.9941353033118236
